역명,호선,위도,경도,시청과의거리,주소
창동,1호선,37.653181,127.047663,11.408497678776548,"77, 마들로11길, 창4동, 도봉구, 서울, 01418, 대한민국"
월계,1호선,37.633114,127.058835,10.256009386286152,"1, 월계로53길, 월계동, 월계2동, 노원구, 서울, 01885, 대한민국"
외대앞,1호선,37.596157,127.063572,8.209979362637014,"1, 휘경로5길, 이문동, 이문2동, 동대문구, 서울, 02403, 대한민국"
대방,1호선,37.513392,126.926407,7.47272689070515,"3, 여의대방로, 신길7동, 영등포구, 서울, 07319, 대한민국"
신길,1호선,37.517018,126.917743,7.667730941441291,"3, 노들로, 신길1동, 영등포구, 서울, 07319, 대한민국"
구일,1호선,37.496273,126.869599,12.362885075703163,"1, 안양천 자전거길, 신도림동, 구로2동, 구로구, 서울, 14223, 대한민국"
온수,1호선,37.492267,126.823399,15.957474851877166,"2, 부일로, 온수동, 수궁동, 구로구, 서울, 08259, 대한민국"
소요산,1호선,37.5653,127.0339,4.911087940723056,"무학로 8길, 9통, 왕십리도선동, 성동구, 서울, 04707, 대한민국"
도봉산,1호선,37.689603,127.046347,14.937447033102469,"964-40, 도봉로, 도봉2동, 도봉구, 서울, 01318, 대한민국"
방학,1호선,37.66796,127.04456,12.697455658519196,"도봉로150다길, 방학1동, 도봉구, 서울, 01332, 대한민국"
녹천,1호선,37.644599,127.051406,10.809027382052141,"녹천, 마들로5길, 월계2동, 노원구, 서울, 01867, 대한민국"
석계,1호선,37.615206,127.065594,9.408387288713788,"1, 화랑로45길, 월계1동, 노원구, 서울, 02781, 대한민국"
신이문,1호선,37.60274474,127.067556,8.840679014209432,"신이문역, 472, 한천로, 이문1동, 동대문구, 서울, 02407, 대한민국"
회기,1호선,37.589802,127.057936,7.485616004150959,"196, 회기로, 휘경1동, 동대문구, 서울, 02444, 대한민국"
남영,1호선,37.540597,126.971171,2.955504596998498,"2, 한강대로77길, 남영동, 용산구, 서울, 04321, 대한민국"
용산,1호선,37.52989,126.964775,4.248593290831419,"55, 한강대로23길, 한강로3가, 한강로동, 용산구, 서울, 04377, 대한민국"
노량진,1호선,37.514072,126.941671,6.668698623846725,"4, 노량진로, 노량진동, 노량진1동, 동작구, 서울, 06922, 대한민국"
영등포,1호선,37.515756,126.907411,8.420396952231497,"2, 경인로102길, 영등포동, 영등포본동, 영등포구, 서울, 07304, 대한민국"
신도림,1호선,37.508983,126.891513,9.972537836049478,"신도림역, 688, 경인로, 신도림동, 구로구, 서울, 08209, 대한민국"
개봉,1호선,37.494698,126.858504,13.240413468788464,"2, 남부순환로97길, 개봉동, 개봉2동, 구로구, 서울, 08277, 대한민국"
오류동,1호선,37.4944,126.844551,14.259305044032397,"13, 경인로20길, 오류1동, 구로구, 서울, 08270, 대한민국"
구로,1호선,37.502211,126.881818,11.111715365547159,"174, 구로중앙로, 구로2동, 구로구, 서울, 08213, 대한민국"
가산디지털단지,1호선,37.481568,126.882628,12.66535100027789,"가산디지털단지, 309, 벚꽃로, 가산동, 금천구, 서울, 08502, 대한민국"
독산,1호선,37.465994,126.889508,13.649364812952209,"독산, 벚꽃로, 독산1동, 금천구, 서울, 08587, 대한민국"
금천구청,1호선,37.45576,126.894344,14.372657781479946,"91, 시흥대로63길, 시흥1동, 금천구, 서울, 08612, 대한민국"
서울역,1호선,37.55315,126.972533,1.5753246068923186,"센트럴프라자, 391, 한강대로, 동자동, 갈월동, 남영동, 용산구, 서울, 04320, 대한민국"
시청,1호선,37.56359,126.975407,0.4143465965989555,"서울특별시청  서소문2청사, 124, 서소문로, 서소문동, 소공동, 중구, 서울, 04514, 대한민국"
종각,1호선,37.570203,126.983116,0.5909978014895144,"서울 한양도성, 선잠로2다길, 성북동1가, 성북동, 성북구, 서울, 02880, 대한민국"
종로3가,1호선,37.570429,126.992095,1.296779306296167,"서울한양도성, 선잠로2다길, 성북동1가, 성북동, 성북구, 서울, 02880, 대한민국"
종로5가,1호선,37.570971,127.0019,2.1446660439937175,"대학로, 종로5가, 종로5·6가동, 종로구, 서울, 03129, 대한민국"
동대문,1호선,37.565145,127.00789,2.621410876988106,"광희동, 장충단로, 을지로7가, 동대문패션타운, 광희동, 중구, 서울, 04564, 대한민국"
신설동,1호선,37.576117,127.02471,4.233537521722624,"왕산로, 신설동, 용신동, 동대문구, 서울, 02586, 대한민국"
제기동,1호선,37.578116,127.034902,5.158772425624855,"왕산로, 용두동, 용신동, 동대문구, 서울, 02566, 대한민국"
청량리(서울시립대입구),1호선,37.580148,127.045063,6.082256951752152,"연세휴치과 청량리 클리닉, 205, 왕산로, 청량리동, 동대문구, 서울, 02559, 대한민국"
동묘앞,1호선,37.573265,127.016459,3.452443703307673,"종로, 숭인1동, 종로구, 서울, 03114, 대한민국"
시청,2호선,37.563534,126.975271,0.4265244480517202,"서울특별시청  서소문2청사, 124, 서소문로, 서소문동, 소공동, 중구, 서울, 04514, 대한민국"
을지로입구,2호선,37.565998,126.982569,0.3902418954937944,"을지로지하상가, 인현동2가, 세운상가, 명동, 중구, 서울, 04549, 대한민국"
을지로3가,2호선,37.566292,126.991773,1.1964120563668459,"을지로지하상가, 인현동2가, 세운상가, 을지로동, 중구, 서울, 04549, 대한민국"
을지로4가,2호선,37.566611,126.998122,1.755557599150656,"창경궁로, 을지로4가, 을지로동, 중구, 서울, 04545, 대한민국"
동대문역사문화공원(DDP),2호선,37.565609,127.009083,2.7238201983081067,"동대문역사문화공원, 279, 을지로, 을지로7가, 동대문패션타운, 광희동, 중구, 서울, 04566, 대한민국"
신당,2호선,37.565681,127.019488,3.640128202049165,"438-3, 퇴계로, 1통, 황학동, 신당5동, 중구, 서울, 04576, 대한민국"
상왕십리,2호선,37.564504,127.028872,4.471860873208324,"상왕십리, 374, 왕십리로, 하왕십리동, 왕십리2동, 성동구, 서울, 04707, 대한민국"
왕십리(성동구청),2호선,37.561159,127.035505,5.086523407654194,"왕십리역, 왕십리광장로, 행당동, 행당1동, 성동구, 서울, 04715, 대한민국"
한양대,2호선,37.55658,127.043504,5.862363380448036,"206, 왕십리로, 사근동, 성동구, 서울, 04763, 대한민국"
뚝섬,2호선,37.54718,127.047413,6.471114436949395,"뚝섬, 18, 아차산로, 성수1가2동, 성동구, 서울, 04793, 대한민국"
성수,2호선,37.544628,127.055983,7.27807227999226,"100, 아차산로, 성수2가3동, 성동구, 서울, 04793, 대한민국"
건대입구,2호선,37.540408,127.069231,8.536003653998877,"건대입구, 243, 아차산로, 건대 맛의거리, 자양4동, 광진구, 서울, 05071, 대한민국"
구의(광진구청),2호선,37.536857,127.085024,9.980165127607712,"아차산로, 자양2동, 광진구, 서울, 05026, 대한민국"
강변(동서울터미널),2호선,37.535161,127.094684,10.8467556533417,"강변, 53, 강변역로, 구의3동, 광진구, 서울, 05116, 대한민국"
잠실나루,2호선,37.520688,127.103836,12.195612044500637,"잠실나루, 20, 오금로, 신천동, 잠실4동, 송파구, 서울, 05504, 대한민국"
잠실(송파구청),2호선,37.513305,127.100129,12.274547110801317,"올림픽로, 신천동, 잠실6동, 송파구, 서울, 05510, 대한민국"
잠실새내,2호선,37.520731,127.103738,12.18576099769279,"잠실나루, 20, 오금로, 신천동, 잠실4동, 송파구, 서울, 05504, 대한민국"
종합운동장,2호선,37.511008,127.073641,10.440311480029333,"종합운동장, 122, 올림픽로, 잠실7동, 송파구, 서울, 05556, 대한민국"
삼성(무역센터),2호선,37.508827,127.063203,9.869965894323528,"삼성역사거리, 테헤란로, 대치2동, 강남구, 서울, 06182, 대한민국"
선릉,2호선,37.504257,127.048174,9.278860254032153,"LIG강남빌딩, 334, 테헤란로, 역삼동, 역삼2동, 강남구, 서울, 06212, 대한민국"
역삼,2호선,37.500658,127.03643,8.949885320884862,"테헤란로, 역삼1동, 강남구, 서울, 06133, 대한민국"
강남,2호선,37.497958,127.027539,8.783927657306739,"강남역지하쇼핑센터, 서초대로, 역삼1동, 강남구, 서울, 06615, 대한민국"
"교대(법원, 검찰청)",2호선,37.493957,127.014631,8.691268495456143,"교대(법원·검찰청), 서초대로, 서초4동, 서초구, 서울, 06604, 대한민국"
서초,2호선,37.49191,127.007945,8.707839581620123,"동일하이빌, 240, 서초대로, 서초3동, 서초구, 서울, 06647, 대한민국"
방배,2호선,37.481469,126.997627,9.61824524884133,"방배로, 방배1동, 서초구, 서울, 06665, 대한민국"
사당,2호선,37.476536,126.981631,10.017577671480737,"사당고가차도, 남현동, 방배2동, 관악구, 서울, 08806, 대한민국"
낙성대(강감찬),2호선,37.47693,126.963783,10.050000734835862,"1932, 남부순환로, 인헌동, 관악구, 서울, 08793, 대한민국"
서울대입구(관악구청),2호선,37.481233,126.952745,9.752684350026053,"은행골 서울대입구역점, 174, 관악로, 봉천동, 낙성대동, 관악구, 서울, 08787, 대한민국"
봉천,2호선,37.482416,126.941896,9.89174803391042,"봉천, 지하 1721, 남부순환로, 은천동, 관악구, 서울, 08757, 대한민국"
신림,2호선,37.484216,126.929573,10.113362224574548,"신림, 1614, 남부순환로, 신림동, 관악구, 서울, 08754, 대한민국"
신대방,2호선,37.487534,126.913279,10.490274732396678,"신대방, 2, 대림로, 신대방1동, 동작구, 서울, 07070, 대한민국"
구로디지털단지,2호선,37.485005,126.902626,11.256554386714484,"구로디지털단지, 477, 도림천로, 대림2동, 영등포구, 서울, 08391, 대한민국"
대림(구로구청),2호선,37.492426,126.895293,11.020569997875965,"도림천 자전거길, 구로4동, 구로구, 서울, 08391, 대한민국"
신도림,2호선,37.508815,126.891222,10.004209200346551,"신도림, 688, 경인로, 신도림동, 구로구, 서울, 08209, 대한민국"
문래,2호선,37.517993,126.894766,9.12754614448941,"문래, 28, 당산로, 문래동3가, 문래동, 영등포구, 서울, 07290, 대한민국"
영등포구청,2호선,37.525766,126.896627,8.504493806588624,"영등포구청, 121, 당산로, 당산동3가, 당산1동, 영등포구, 서울, 07265, 대한민국"
당산,2호선,37.533877,126.902011,7.638414169655373,"당산, 229, 당산로, 당산동5가, 당산2동, 영등포구, 서울, 07214, 대한민국"
합정,2호선,37.550025,126.914557,5.904802642483086,"세아타워, 45, 양화로, 서교동, 마포구, 서울, 04045, 대한민국"
홍대입구,2호선,37.556748,126.923643,4.932037655818563,"대아빌딩, 162, 양화로, 홍대거리, 서교동, 마포구, 서울, 04050, 대한민국"
신촌(지하),2호선,37.555153,126.93689,3.857100724311369,"백범로, 창천동, 신촌동, 서대문구, 서울, 04101, 대한민국"
이대,2호선,37.556734,126.945897,3.0510683422654687,"신촌로, 11통, 대흥동, 마포구, 서울, 04116, 대한민국"
아현,2호선,37.557407,126.956079,2.2010615428982736,"아현, 270, 신촌로, 북아현동, 서대문구, 서울, 03774, 대한민국"
충정로(경기대입구),2호선,37.559742,126.964455,1.4309369868443476,"서소문로, 합동, 충현동, 서대문구, 서울, 03737, 대한민국"
용답,2호선,37.566412,126.977863,0.03567541364724834,"서울도서관, 110, 세종대로, 태평로1가, 명동, 중구, 서울, 04524, 대한민국"
신답,2호선,37.56147,127.056348,6.911174463781098,"자동차시장길, 용답동, 성동구, 서울, 04809, 대한민국"
신설동,2호선,37.574653,127.025158,4.234361447528835,"천호대로, 신설동, 용신동, 동대문구, 서울, 02582, 대한민국"
도림천,2호선,37.514759,126.882586,10.211932081871588,"도림천 자전거길, 신도림동, 구로구, 서울, 08201, 대한민국"
양천구청,2호선,37.512194,126.865193,11.656073379946934,"목동로3길, 신정7동, 양천구, 서울, 08102, 대한민국"
신정네거리,2호선,37.520218,126.852849,12.195437558872928,"신정네거리, 261, 중앙로, 신정1동, 양천구, 서울, 08077, 대한민국"
용두(동대문구청),2호선,37.574012,127.03811,5.343961282492837,"천호대로, 용두동, 용신동, 동대문구, 서울, 02567, 대한민국"
지축,3호선,37.648281,126.912551,10.76891244882582,"안진1길, 효자동, 덕양구, 고양시, 경기도, 10585, 대한민국"
구파발,3호선,37.636612,126.918827,9.3805248631548,"서울주택도시공사 은평서대문종로센터, 15-34, 진관2로, 진관동, 은평구, 서울, 03306, 대한민국"
연신내,3호선,37.618855,126.920859,7.701225658086323,"갈현1동, 은평구, 서울, 03350, 대한민국"
불광,3호선,37.610554,126.929843,6.485459658308227,"통일로, 대조동, 은평구, 서울, 03397, 대한민국"
녹번,3호선,37.600882,126.935758,5.3416548327502,"통일로, 녹번동, 은평구, 서울, 03370, 대한민국"
홍제,3호선,37.588851,126.944092,3.8944248206195886,"통일로, 홍제1동, 서대문구, 서울, 03646, 대한민국"
무악재,3호선,37.582658,126.950131,3.0520420768892547,"통일로, 홍제1동, 서대문구, 서울, 03635, 대한민국"
독립문,3호선,37.574534,126.957902,1.9956773543089652,"독립문, 통일로, 무악동, 종로구, 서울, 03023, 대한민국"
경복궁(정부서울청사),3호선,37.575844,126.973576,1.107389554854161,"경복궁, 130, 사직로, 적선동, 서울 도심, 사직동, 종로구, 서울, 03170, 대한민국"
안국,3호선,37.576562,126.98547,1.2809468439075185,"서울 한양도성, 선잠로2다길, 성북동1가, 성북동, 성북구, 서울, 02880, 대한민국"
종로3가,3호선,37.571537,126.991237,1.273839942613808,"서울 한양도성, 선잠로2다길, 성북동1가, 성북동, 성북구, 서울, 02880, 대한민국"
을지로3가,3호선,37.566299,126.992616,1.2706670114062901,"을지로3가, 106, 을지로, 수표동, 을지로동, 중구, 서울, 04551, 대한민국"
충무로,3호선,37.561302,126.995473,1.6315595679303143,"토픽빌딩, 212, 퇴계로, 필동2가, 필동, 중구, 서울, 04625, 대한민국"
동대입구,3호선,37.55816,127.005273,2.563296538646851,"동대입구역장충동, 장충단로, 장충동1가, 장충동, 중구, 서울, 04605, 대한민국"
약수,3호선,37.554674,127.010628,3.1500129982281972,"동호로, 약수동, 중구, 서울, 04598, 대한민국"
금호,3호선,37.548269,127.015785,3.888738802198376,"장터길, 금호동3가, 금호2·3가동, 성동구, 서울, 04724, 대한민국"
옥수,3호선,37.541653,127.017303,4.423304253403185,"동호로, 옥수동, 성동구, 서울, 04734, 대한민국"
압구정,3호선,37.526169,127.028502,6.3135223552730775,"압구정, 논현로, 가로수길, 신사동, 강남구, 서울, 06001, 대한민국"
신사,3호선,37.516438,127.020247,6.695807033388564,"도산대로, 가로수길, 신사동, 강남구, 서울, 06035, 대한민국"
잠원,3호선,37.512989,127.011613,6.647870123678597,"잠원로4길, 잠원동, 서초구, 서울, 06510, 대한민국"
고속터미널,3호선,37.504953,127.004916,7.246639918693456,"고속터미널, 신반포로, 반포4동, 서초구, 서울, 06545, 대한민국"
교대(법원·검찰청),3호선,37.49306,127.013796,8.7573746377045,"르미엘커피, 119, 서초중앙로, 서초3동, 서초구, 서울, 06634, 대한민국"
남부터미널(예술의전당),3호선,37.48494,127.016289,9.679874597675491,"남부터미널(예술의전당), 서초중앙로, 서초3동, 서초구, 서울, 06718, 대한민국"
양재(서초구청),3호선,37.48466,127.03513,10.401335820968235,"남부순환로, 도곡동, 도곡1동, 강남구, 서울, 06267, 대한민국"
매봉,3호선,37.487114,127.046907,10.714274670956536,"남부순환로, 도곡동, 도곡1동, 강남구, 서울, 06274, 대한민국"
도곡,3호선,37.491129,127.055694,10.820906600799502,"남부순환로, 대치1동, 강남구, 서울, 06289, 대한민국"
대치,3호선,37.494601,127.063449,10.980601847611664,"남부순환로, 대치동, 대치2동, 강남구, 서울, 06228, 대한민국"
학여울,3호선,37.496757,127.070541,11.250971638263195,"SK에너지 대치동주유소, 202, 남부순환로, 대치동, 대치2동, 강남구, 서울, 06286, 대한민국"
대청,3호선,37.493607,127.079526,12.069777585541784,"개포로, 개포3동, 강남구, 서울, 06335, 대한민국"
일원,3호선,37.48389,127.08416,13.109659644237228,"삼성생명 일원역 빌딩, 115, 일원로, 일원동, 일원본동, 강남구, 서울, 06355, 대한민국"
수서,3호선,37.487507,127.101324,13.971423859359636,"밤고개로, 수서동, 강남구, 서울, 06367, 대한민국"
가락시장,3호선,37.492368,127.118101,14.842256805575726,"펫가든동물병원, 80, 중대로, 가락1동, 송파구, 서울, 05833, 대한민국"
경찰병원,3호선,37.495754,127.124198,15.09194708755193,"중대로, 가락동, 가락2동, 송파구, 서울, 05661, 대한민국"
오금,3호선,37.502288,127.128344,15.04598072251431,"자전거 전용, 오금동, 가락본동, 송파구, 서울, 05824, 대한민국"
남태령,4호선,37.464339,126.989081,11.409667363366875,"남태령, 과천대로, 방배2동, 서초구, 서울, 06701, 대한민국"
사당,4호선,37.476563,126.981746,10.014887996773524,"사당고가차도, 방배2동, 서초구, 서울, 06693, 대한민국"
총신대입구(이수),4호선,37.487521,126.982309,8.798989335949209,"총신대입구역.남성사계시장입구앞(중), 동작대로, 방배본동, 서초구, 서울, 06568, 대한민국"
동작(현충원),4호선,37.503567,126.980171,7.009449258834723,"동작동, 사당2동, 동작구, 서울, 06994, 대한민국"
이촌(국립중앙박물관),4호선,37.522525,126.97335,4.917919944044549,"1, 이촌로65가길, 이촌동, 이촌1동, 용산구, 서울, 04386, 대한민국"
신용산,4호선,37.52919,126.96858,4.24382701186121,"아모레퍼시픽 본사, 한강대로, 한강로2가, 한강로동, 용산구, 서울, 04386, 대한민국"
삼각지,4호선,37.535057,126.973354,3.5317437464410015,"우우, 175, 한강대로, 한강로1가, 한강로동, 용산구, 서울, 04375, 대한민국"
숙대입구(갈월),4호선,37.545124,126.971952,2.449177275142251,"숙대입구, 두텁바위로, 동자동, 갈월동, 남영동, 용산구, 서울, 04321, 대한민국"
서울역,4호선,37.553172,126.972836,1.564722645342368,"한강대로, 동자동, 남영동, 용산구, 서울, 04320, 대한민국"
회현(남대문시장),4호선,37.559698,126.979565,0.775153215616271,"레스케이프 호텔, 퇴계로, 남창동, 봉래동2가, 회현동, 중구, 서울, 04634, 대한민국"
명동,4호선,37.561055,126.988271,1.0795814142362432,"퇴계로, 남산동3가, 필동, 중구, 서울, 04629, 대한민국"
충무로,4호선,37.561302,126.995473,1.6315595679303143,"토픽빌딩, 212, 퇴계로, 필동2가, 필동, 중구, 서울, 04625, 대한민국"
동대문역사문화공원,4호선,37.565141,127.008458,2.671408921063627,"에이피엠 플레이스, 퇴계로63길, 을지로7가, 광희동, 중구, 서울, 04566, 대한민국"
동대문,4호선,37.57099,127.008835,2.7437733521806655,"종로 자전거 전용로, 종로5가, 종로5·6가동, 종로구, 서울, 03126, 대한민국"
혜화,4호선,37.582116,127.001759,2.700322561720964,"학림다방, 119, 대학로, 대학로거리, 혜화동, 종로구, 서울, 03078, 대한민국"
한성대입구(삼선교),4호선,37.58838,127.006751,3.4931636601700276,"동소문로2길, 동소문동3가, 삼선동, 성북구, 서울, 02847, 대한민국"
성신여대입구(돈암),4호선,37.592782,127.017338,4.514234109101464,"2F DUNKIN DONUTS, 동소문로, 동선동4가, 동선동, 성북구, 서울, 02829, 대한민국"
길음,4호선,37.604087,127.025353,5.886411584829988,"삼양로, 길음동, 길음1동, 성북구, 서울, 02801, 대한민국"
미아사거리,4호선,37.613276,127.030083,6.91735536530185,"도봉로, 송중동, 강북구, 서울, 01179, 대한민국"
미아,4호선,37.626435,127.026151,7.882499146567878,"도봉로, 미아동, 강북구, 서울, 01133, 대한민국"
수유(강북구청),4호선,37.637127,127.024731,8.85029962152765,"도봉로, 번1동, 강북구, 서울, 01065, 대한민국"
쌍문,4호선,37.648274,127.034381,10.34394971438307,"도봉로, 쌍문3동, 도봉구, 서울, 01426, 대한민국"
창동,4호선,37.652993,127.046746,11.347680130675357,"77, 마들로11길, 창4동, 도봉구, 서울, 01418, 대한민국"
노원,4호선,37.656274,127.063183,12.469615553967767,"상계로, 상계2동, 노원구, 서울, 01752, 대한민국"
상계,4호선,37.660576,127.073199,13.388203360875824,"상계역 2번출구, 상계로, 상계동, 상계5동, 노원구, 서울, 01662, 대한민국"
당고개,4호선,37.66956,127.078404,14.456707796622931,"당고개, 덕릉로115다길, 상계3·4동, 노원구, 서울, 01633, 대한민국"
방화,5호선,37.577669,126.812822,14.627393502173407,"금낭화로, 방화동, 방화3동, 강서구, 서울, 07511, 대한민국"
개화산,5호선,37.572458,126.806838,15.117397835163475,"양서빌딩, 34, 양천로, 방화2동, 강서구, 서울, 07602, 대한민국"
김포공항,5호선,37.56217,126.801273,15.602558794839057,"김포공항, 하늘길, 방화2동, 강서구, 서울, 07612, 대한민국"
송정,5호선,37.561411,126.812052,14.656134557961778,"공항대로, 공항동, 강서구, 서울, 07622, 대한민국"
마곡,5호선,37.562182,126.82693,13.342388626161535,"마곡중앙3로, 마곡동, 공항동, 강서구, 서울, 07800, 대한민국"
발산,5호선,37.562182,126.82693,13.342388626161535,"마곡중앙3로, 마곡동, 공항동, 강서구, 서울, 07800, 대한민국"
우장산,5호선,37.548864,126.83633,12.660284661238169,"257, 강서로, 내발산동, 발산1동, 강서구, 서울, 07639, 대한민국"
화곡,5호선,37.541585,126.840436,12.45874451754989,"강서로, 화곡1동, 강서구, 서울, 07726, 대한민국"
까치산,5호선,37.53181,126.846706,12.220588467714569,"무인민원 발급기, 강서로, 화곡8동, 강서구, 서울, 07757, 대한민국"
신정(은행정),5호선,37.525001,126.856176,11.709923182529772,"오목로, 신정4동, 양천구, 서울, 07993, 대한민국"
목동,5호선,37.526088,126.864296,11.00576057072866,"목동로, 신정4동, 양천구, 서울, 07993, 대한민국"
오목교(목동운동장앞),5호선,37.524557,126.875049,10.224915016850796,"오목로, 목1동, 양천구, 서울, 08006, 대한민국"
양평,5호선,37.525614,126.886177,9.304891173497362,"양산로, 양평동2가, 양평1동, 영등포구, 서울, 07272, 대한민국"
영등포구청,5호선,37.524209,126.895022,8.71691010465044,"양산로, 당산동2가, 당산1동, 영등포구, 서울, 07264, 대한민국"
영등포시장,5호선,37.52276,126.905143,8.077027776384735,"대동빌딩, 73, 영중로, 영등포동, 영등포구, 영등포동7가, 07245, 대한민국"
신길,5호선,37.51763,126.914886,7.797263556506406,"경인로112길, 영등포동2가, 영등포동, 영등포구, 서울, 07316, 대한민국"
여의도,5호선,37.521578,126.924318,6.900444437463987,"여의도, 여의나루로, 여의동, 영등포구, 서울, 07328, 대한민국"
여의나루,5호선,37.527145,126.932807,5.937258755932503,"여의동, 영등포구, 서울, 07337, 대한민국"
마포,5호선,37.539718,126.946043,4.118607814100182,"마포대로, 14통, 도화동, 마포구, 서울, 04168, 대한민국"
공덕,5호선,37.544005,126.951058,3.468470580058169,"백범로, 43통, 공덕동, 마포구, 서울, 04146, 대한민국"
애오개,5호선,37.553592,126.956733,2.380998840138948,"마포대로, 아현동, 마포구, 서울, 04143, 대한민국"
충정로(경기대입구),5호선,37.560061,126.962783,1.5407008435774305,"충정로, 충정로3가, 충현동, 서대문구, 서울, 03737, 대한민국"
서대문,5호선,37.565812,126.966639,1.0229252437711929,"통일로, 미근동, 충현동, 서대문구, 서울, 03735, 대한민국"
광화문(세종문화회관),5호선,37.570545,126.976568,0.46332355008424686,"광화문광장, 세종대로, 서린동, 종로1·2·3·4가동, 종로구, 서울, 03154, 대한민국"
종로3가(탑골공원),5호선,37.572546,126.990447,1.2663670450883031,"서울 한양도성, 선잠로2다길, 성북동1가, 성북동, 성북구, 서울, 02880, 대한민국"
을지로4가,5호선,37.56658,126.998127,1.7559963850967757,"을지로, 을지로5가, 을지로동, 중구, 서울, 04546, 대한민국"
동대문역사문화공원,5호선,37.564682,127.00533,2.400233354435567,"마른내로, 광희동1가, 세운상가, 광희동, 중구, 서울, 04558, 대한민국"
청구,5호선,37.560237,127.01379,3.2150847844432517,"다산로, 4통, 신당동, 중구, 서울, 04598, 대한민국"
신금호,5호선,37.554504,127.020403,3.9548105071267017,"신금호역 4번출구, 금호로, 금호동1가, 금호1가동, 성동구, 서울, 04723, 대한민국"
행당,5호선,37.557297,127.029482,4.636348759423902,"행당로, 행당동, 행당2동, 성동구, 서울, 04713, 대한민국"
왕십리,5호선,37.56197,127.037264,5.230858187762067,"고산자로14길, 행당동, 행당1동, 성동구, 서울, 04744, 대한민국"
마장,5호선,37.566066,127.042921,5.704373383884955,"마장, 마장로, 마장동, 성동구, 서울, 02597, 대한민국"
답십리,5호선,37.566833,127.05266,6.562486921774876,"답십리, 천호대로, 용답동, 성동구, 서울, 02597, 대한민국"
장한평,5호선,37.561438,127.064601,7.636638999425573,"장한평, 장한로, 용답동, 성동구, 서울, 02633, 대한민국"
군자(능동),5호선,37.557102,127.079559,8.995854704024502,"군자, 능동로, 능동, 중곡2동, 광진구, 서울, 04919, 대한민국"
아차산(어린이대공원후문),5호선,37.552005,127.089609,9.952950164697576,"천호대로, 능동, 구의2동, 광진구, 서울, 04975, 대한민국"
광나루(장신대),5호선,37.545301,127.103478,11.293787903480494,"광나루, 천호대로, 광장동, 광진구, 서울, 04983, 대한민국"
천호(풍납토성),5호선,37.538566,127.123539,13.18537824246041,"천호대로, 성내2동, 강동구, 서울, 05329, 대한민국"
강동,5호선,37.53581,127.13249,14.025205059487053,"천호대로, 성내2동, 강동구, 서울, 05383, 대한민국"
길동,5호선,37.538022,127.140085,14.61982267591581,"양재대로, 길동, 강동구, 서울, 05373, 대한민국"
굽은다리(강동구민회관앞),5호선,37.545442,127.142844,14.702346930032258,"홈플러스, 1571, 양재대로, 천호1동, 강동구, 서울, 05306, 대한민국"
명일,5호선,37.551317,127.144002,14.712940667643421,"양재대로, 명일1동, 강동구, 서울, 05257, 대한민국"
고덕,5호선,37.555002,127.154214,15.567808355307463,"고덕로, 명일동, 명일2동, 강동구, 서울, 05235, 대한민국"
상일동,5호선,37.556714,127.166381,16.62298504332682,"고덕로, 상일1동, 강동구, 서울, 05224, 대한민국"
둔촌동,5호선,37.527787,127.136219,14.583531746013664,"양재대로, 성내3동, 강동구, 서울, 05376, 대한민국"
올림픽공원(한국체대),5호선,37.516217,127.130957,14.586066472366799,"올림픽프라자, 1222, 양재대로, 오륜동, 송파구, 서울, 05638, 대한민국"
방이,5호선,37.508752,127.126054,14.536165427757627,"양재대로, 방이1동, 송파구, 서울, 05638, 대한민국"
오금,5호선,37.502228,127.127701,14.999304127664914,"서울송파우체국, 323, 오금로, 오금동, 가락본동, 송파구, 서울, 05661, 대한민국"
개롱,5호선,37.498097,127.134817,15.770583255698329,"오금로, 오금동, 가락2동, 송파구, 서울, 05744, 대한민국"
거여,5호선,37.493208,127.143983,16.741502041880786,"496, 오금로, 거여1동, 송파구, 서울, 05772, 대한민국"
마천,5호선,37.494972,127.152784,17.33213705037221,"14, 마천로57길, 마천1동, 송파구, 서울, 05758, 대한민국"
강일,5호선,37.557521,127.176018,17.465163204284575,"강일, 산22-14, 고덕로, 강일동, 상일2동, 강동구, 서울, 05216, 대한민국"
응암,6호선,37.59859,126.915583,6.566157254496671,"응암, 477, 증산로, 역촌동, 은평구, 서울, 03449, 대한민국"
역촌,6호선,37.60605,126.922764,6.56666851272266,"진흥로, 역촌동, 은평구, 서울, 03461, 대한민국"
불광,6호선,37.610919,126.929504,6.535676045985063,"통일로, 대조동, 은평구, 서울, 03397, 대한민국"
독바위,6호선,37.618413,126.933035,7.003597444035783,"불광로, 불광동, 불광1동, 은평구, 서울, 03352, 대한민국"
연신내,6호선,37.617293,127.091375,11.455106449919,"신내로, 신내동, 신내2동, 중랑구, 서울, 02024, 대한민국"
구산,6호선,37.618596,126.920519,7.699261577760217,"연서로, 대조동, 은평구, 서울, 03350, 대한민국"
새절(신사),6호선,37.611223,126.917246,7.313360186755307,"구산, 137-1, 연서로, 구산동, 대조동, 은평구, 서울, 03413, 대한민국"
증산(명지대앞),6호선,37.591148,126.913613,6.3133599532504805,"신현아파트, 389, 증산로, 신사동, 신사2동, 은평구, 서울, 03442, 대한민국"
디지털미디어시티,6호선,37.583989,126.909785,6.332558538357231,"청록아파트, 299, 증산로, 증산동, 은평구, 서울, 03497, 대한민국"
월드컵경기장(성산),6호선,37.577005,126.898643,7.106942430328272,"성암로, 21통, 상암동, 마포구, 서울, 03927, 대한민국"
마포구청,6호선,37.569439,126.899077,6.98118117680485,"월드컵터널, 성산동, 성산2동, 마포구, 서울, 03936, 대한민국"
망원,6호선,37.563535,126.903326,6.6084429096869295,"홍제천 자전거길, 연희동, 성산2동, 마포구, 서울, 03712, 대한민국"
합정,6호선,37.556031,126.910129,6.1141055308023615,"망원, 월드컵로, 서교동, 마포구, 서울, 04012, 대한민국"
상수,6호선,37.549033,126.913546,6.024402935407513,"SC제일은행, 5, 독막로, 합정동, 마포구, 서울, 04072, 대한민국"
광흥창(서강),6호선,37.547704,126.92292,5.306247508190844,"상수, 독막로, 24통, 서강동, 마포구, 서울, 04074, 대한민국"
대흥(서강대앞),6호선,37.547464,126.931971,4.596684239850313,"독막로, 13통, 서강동, 마포구, 서울, 04086, 대한민국"
공덕,6호선,37.547732,126.942214,3.8025522086368673,"백범로, 4통, 대흥동, 마포구, 서울, 04136, 대한민국"
효창공원앞,6호선,37.543592,126.951664,3.465577697578985,"백범로, 43통, 공덕동, 마포구, 서울, 04146, 대한민국"
삼각지,6호선,37.539279,126.961348,3.380396387512021,"효창공원앞, 백범로, 효창동, 용산구, 서울, 04311, 대한민국"
녹사평(용산구청),6호선,37.535563,126.973996,3.4693925291267824,"이태원로, 한강로1가, 한강로동, 용산구, 서울, 04375, 대한민국"
이태원,6호선,37.53469,126.98665,3.623897800046115,"이태원로, 용산동4가, 용산2가동, 용산구, 서울, 04343, 대한민국"
한강진,6호선,37.534485,126.994369,3.843341861047116,"앙카라피크닉, 182, 이태원로, 이태원1동, 용산구, 서울, 04391, 대한민국"
버티고개,6호선,37.53956,127.001729,3.6511933561458076,"이태원로, 한남동, 용산구, 서울, 04399, 대한민국"
약수,6호선,37.547933,127.006948,3.2743873048261607,"다산로, 한남동, 약수동, 중구, 서울, 04597, 대한민국"
청구,6호선,37.554087,127.010237,3.147060156052124,"다산로, 한남동, 약수동, 중구, 서울, 04597, 대한민국"
신당,6호선,37.560221,127.013776,3.214272468431451,"다산로, 4통, 신당동, 중구, 서울, 04598, 대한민국"
동묘앞,6호선,37.566174,127.016158,3.345538773911669,"서울흥인동우체국, 253, 다산로, 흥인동, 2통, 신당동, 중구, 서울, 04569, 대한민국"
창신,6호선,37.572275,127.015666,3.361799669355977,"Teddy Bear Museum, 24시 사우나, 지봉로, 창신1동, 종로구, 서울, 03121, 대한민국"
보문,6호선,37.579772,127.015246,3.5787359436562913,"지봉로, 숭인동, 숭인1동, 종로구, 서울, 03108, 대한민국"
안암(고대병원앞),6호선,37.585293,127.019377,4.182487092437602,"지봉로, 보문동2가, 보문동, 성북구, 서울, 02870, 대한민국"
고려대(종암),6호선,37.586261,127.02903,4.984922380646911,"미래약국, 85, 고려대로, 안암동2가, 안암동, 성북구, 서울, 02841, 대한민국"
월곡(동덕여대),6호선,37.59034,127.03626,5.7577945771304675,"고려대, 145, 안암로, 종암동, 성북구, 서울, 02841, 대한민국"
상월곡(한국과학기술연구원),6호선,37.60192,127.041492,6.821886570127844,"월곡, 월곡로, 하월곡동, 월곡2동, 성북구, 서울, 02751, 대한민국"
돌곶이,6호선,37.606392,127.048509,7.613768049863509,"북부간선도로, 석관동, 월곡2동, 성북구, 서울, 02773, 대한민국"
석계,6호선,37.610522,127.056419,8.447753387556588,"북부간선도로, 석관동, 성북구, 서울, 02773, 대한민국"
태릉입구,6호선,37.614937,127.065922,9.414952111733276,"화랑로45길, 석관동, 성북구, 서울, 02781, 대한민국"
화랑대(서울여대입구),6호선,37.617319,127.074741,10.206480446189468,"화랑로, 공릉1동, 노원구, 서울, 01856, 대한민국"
봉화산(서울의료원),6호선,37.619875,127.084106,11.053248371089332,"북부간선도로, 묵1동, 중랑구, 서울, 02020, 대한민국"
신내,6호선,37.612571,127.104326,12.232755411273677,"신내, 용마산로136길, 망우본동, 중랑구, 서울, 02053, 대한민국"
장암,7호선,37.70015,127.053126,16.251242295945474,"121, 동일로, 장암동, 의정부시, 경기도, 11724, 대한민국"
도봉산,7호선,37.689131,127.046548,14.896550452628366,"964-40, 도봉로, 도봉2동, 도봉구, 서울, 01318, 대한민국"
수락산,7호선,37.677804,127.055314,14.109005045649164,"수락산, 지하 1662, 동일로, 상계1동, 노원구, 서울, 01631, 대한민국"
마들,7호선,37.664985,127.057701,12.99029830949718,"마들, 동일로, 상계9동, 노원구, 서울, 01631, 대한민국"
노원,7호선,37.654478,127.060555,12.171161201615101,"동일로, 상계2동, 노원구, 서울, 01689, 대한민국"
중계,7호선,37.645052,127.064084,11.54826125101845,"동일로, 중계2·3동, 노원구, 서울, 01768, 대한민국"
하계,7호선,37.636363,127.067999,11.08062958984422,"동일로, 하계동, 하계1동, 노원구, 서울, 01784, 대한민국"
공릉(서울과학기술대),7호선,37.625642,127.072969,10.622205992305357,"동일로, 공릉1동, 노원구, 서울, 01844, 대한민국"
태릉입구,7호선,37.617319,127.074741,10.206480446189468,"화랑로, 공릉1동, 노원구, 서울, 01856, 대한민국"
먹골,7호선,37.610638,127.077719,10.043982627738911,"묵동우체국, 895, 동일로, 묵2동, 중랑구, 서울, 02102, 대한민국"
중화,7호선,37.602604,127.079254,9.763524678495395,"동일로, 중화1동, 중랑구, 서울, 02102, 대한민국"
상봉(시외버스터미널),7호선,37.595673,127.085708,10.01032060960733,"491, 면목로, 상봉2동, 중랑구, 서울, 02098, 대한민국"
면목,7호선,37.588671,127.087503,9.940162644518463,"418, 면목로, 면목본동, 중랑구, 서울, 02219, 대한민국"
사가정,7호선,37.580912,127.088502,9.850234423693333,"326, 면목로, 면목동, 면목3·8동, 중랑구, 서울, 02214, 대한민국"
용마산,7호선,37.573752,127.086802,9.60431539720477,"1동, 228, 용마산로, 면목4동, 중랑구, 서울, 02243, 대한민국"
중곡,7호선,37.565877,127.084291,9.350716962123654,"보건행정복지타운, 400, 능동로, 중곡3동, 광진구, 서울, 04937, 대한민국"
군자(능동),7호선,37.557151,127.079484,8.988649100067333,"능동로, 능동, 중곡2동, 광진구, 서울, 04919, 대한민국"
어린이대공원(세종대),7호선,37.547962,127.07465,8.75022665785276,"세종대학교, 209, 능동로, 능동, 광진구, 서울, 05006, 대한민국"
건대입구,7호선,37.540882,127.071103,8.673784666770779,"건국대학교병원, 120-1, 능동로, 모진동, 화양동, 광진구, 서울, 05030, 대한민국"
뚝섬유원지,7호선,37.531558,127.066714,8.721015087669883,"능동로, 자양동, 자양3동, 광진구, 서울, 05096, 대한민국"
청담,7호선,37.519097,127.051851,8.36927588531349,"학동로, 삼성동, 삼성1동, 강남구, 서울, 06085, 대한민국"
강남구청,7호선,37.517185,127.04122,7.812968691254478,"강남구청, 선릉로, 논현2동, 강남구, 서울, 06059, 대한민국"
학동,7호선,37.514262,127.031738,7.4919283988581045,"서울논현동우체국, 212, 학동로, 논현2동, 강남구, 서울, 06061, 대한민국"
논현,7호선,37.511108,127.021385,7.249112580918552,"강남대로, 논현1동, 강남구, 서울, 06044, 대한민국"
반포,7호선,37.508171,127.011717,7.135926961166786,"신반포로, 반포1동, 서초구, 서울, 06522, 대한민국"
고속터미널,7호선,37.503387,127.005055,7.415445120674741,"JW Mariott Seoul, 사평대로, 서래마을, 반포4동, 서초구, 서울, 06591, 대한민국"
내방,7호선,37.48764,126.993541,8.881888986058808,"서초대로, 방배본동, 서초구, 서울, 06573, 대한민국"
총신대입구(이수),7호선,37.485258,126.981766,9.048627940069604,"사당로, 사당2동, 동작구, 서울, 07008, 대한민국"
남성,7호선,37.484688,126.971108,9.128028597342261,"사당로, 사당동, 사당4동, 동작구, 서울, 07004, 대한민국"
숭실대입구(살피재),7호선,37.496258,126.953649,8.11425210646558,"숭실대입구역, 상도로, 상도1동, 동작구, 서울, 06971, 대한민국"
상도,7호선,37.50279,126.947949,7.578751178681777,"상도로, 상도1동, 동작구, 서울, 06968, 대한민국"
장승배기,7호선,37.504845,126.939025,7.685378349943089,"상도로, 상도2동, 동작구, 서울, 06937, 대한민국"
신대방삼거리,7호선,37.499717,126.928218,8.643639125036106,"신대방삼거리, 상도로, 대방동, 동작구, 서울, 07056, 대한민국"
보라매,7호선,37.499916,126.920112,9.010862344665531,"신풍로, 신길6동, 영등포구, 서울, 07435, 대한민국"
신풍,7호선,37.500107,126.909806,9.5402833202074,"신풍로, 신길6동, 영등포구, 서울, 07435, 대한민국"
대림(구로구청),7호선,37.492984,126.896997,10.874672688214183,"도림로, 대림2동, 영등포구, 서울, 07417, 대한민국"
남구로,7호선,37.486181,126.887372,12.003938584191959,"도림로, 가리봉동, 구로4동, 구로구, 서울, 08320, 대한민국"
가산디지털단지,7호선,37.480376,126.882704,12.760207391678826,"1, 벚꽃로44길, 가산동, 금천구, 서울, 08510, 대한민국"
철산,7호선,37.47616,126.868217,13.97097125652394,"20, 철산로, 철산상업지구, 철산3동, 광명시, 경기도, 14238, 대한민국"
광명사거리,7호선,37.47927,126.854854,14.58081433873054,"오리로, 광명4동, 광명시, 경기도, 14220, 대한민국"
천왕,7호선,37.486699,126.838684,15.175167457186307,"오리로, 오류동, 오류2동, 구로구, 서울, 08363, 대한민국"
온수(성공회대입구),7호선,37.492059,126.823294,15.977396459374246,"경인로577번길, 수궁동, 구로구, 서울, 경기도, 14779, 대한민국"
암사,8호선,37.550127,127.127521,13.288628520601584,"상암로, 암사2동, 강동구, 서울, 05242, 대한민국"
천호(풍납토성),8호선,37.53792,127.123179,13.171794984991736,"올림픽로, 풍납1동, 송파구, 서울, 05520, 대한민국"
강동구청,8호선,37.530348,127.120461,13.172752823791074,"올림픽로, 성내동, 성내1동, 강동구, 서울, 05520, 대한민국"
몽촌토성(평화의문),8호선,37.517692,127.11274,13.048246935646645,"올림픽로, 잠실4동, 송파구, 서울, 05507, 대한민국"
잠실(송파구청),8호선,37.514649,127.104267,12.525622815546187,"롯데월드몰, 300, 올림픽로, 신천동, 잠실6동, 송파구, 서울, 05551, 대한민국"
석촌,8호선,37.505396,127.106995,13.23836173568498,"송파대로, 석촌동, 송파구, 서울, 05616, 대한민국"
송파,8호선,37.49978,127.11212,13.950630858379883,"송파, 송파대로, 석촌동, 가락1동, 송파구, 서울, 05668, 대한민국"
가락시장,8호선,37.493004,127.118279,14.81609141488831,"송파대로, 가락1동, 송파구, 서울, 05833, 대한민국"
문정,8호선,37.485931,127.122473,15.565778202586499,"송파대로, 문정동, 문정2동, 송파구, 서울, 05806, 대한민국"
장지,8호선,37.478609,127.126229,16.313010725381496,"장지역.가든파이브(중), 송파대로, 장지동, 문정2동, 송파구, 서울, 05838, 대한민국"
복정,8호선,37.471016,127.126746,16.868785841026664,"복정역, 성남대로, 위례동, 송파구, 서울, 05845, 대한민국"
산성,8호선,37.456886,127.149927,19.4475728509021,"산성, 헌릉로, 산성동, 수정구, 성남시, 경기도, 13115, 대한민국"
남한산성입구(성남법원·검찰청),8호선,37.451568,127.159845,20.500434125705194,"남한산성입구, 산성대로, 은행동, 중원구, 성남시, 경기도, 13152, 대한민국"
단대오거리,8호선,37.445057,127.156735,20.75131962274335,"희망로, 중앙동, 수정구, 성남시, 경기도, 13179, 대한민국"
신흥,8호선,37.440952,127.14759,20.455255359161473,"신흥, 산성대로, 중앙동, 중원구, 성남시, 경기도, 13354, 대한민국"
수진,8호선,37.437575,127.140936,20.294406330837564,"원터로, 중원구, 성남시, 경기도, 13361, 대한민국"
모란,8호선,37.433888,127.129921,19.9210647057845,"3, 산성대로97번길, 수진동, 수정구, 성남시, 경기도, 13326, 대한민국"
남위례,8호선,37.462839,127.139047,18.284738953272846,"남위례, 공원로, 복정동, 수정구, 성남시, 경기도, 13646, 대한민국"
중앙보훈병원,9호선,37.529191,127.148739,15.598841117341102,"동남로, 둔촌동, 둔촌2동, 강동구, 서울, 05369, 대한민국"
둔촌오륜,9호선,37.519683,127.137989,15.021990629473015,"강동대로, 둔촌1동, 강동구, 서울, 05408, 대한민국"
올림픽공원,9호선,37.516269,127.130288,14.529389407319462,"파리크라상, 양재대로 자전거 전용, 오륜동, 송파구, 서울, 05649, 대한민국"
한성백제,9호선,37.516404,127.116503,13.409621160297837,"한성백제, 51, 위례성대로, 오륜동, 송파구, 서울, 05627, 대한민국"
송파나루,9호선,37.510372,127.112216,13.367476219263995,"박인숙국회의원사무실, 446, 백제고분로, 방이동, 방이2동, 송파구, 서울, 05627, 대한민국"
석촌,9호선,37.505208,127.10704,13.252531290034245,"송파대로, 석촌동, 송파구, 서울, 05616, 대한민국"
석촌고분,9호선,37.502558,127.097033,12.66781653088758,"삼학사로, 삼전동, 송파구, 서울, 05603, 대한민국"
삼전,9호선,37.504738,127.088025,11.877032561840867,"파크인수아파트, 187, 백제고분로, 삼전동, 잠실본동, 송파구, 서울, 05567, 대한민국"
종합운동장,9호선,37.511426,127.076275,10.60140830711709,"올림픽로, 잠실7동, 송파구, 서울, 05556, 대한민국"
봉은사,9호선,37.514219,127.060245,9.285971326394469,"봉은사로, 삼성동, 삼성1동, 강남구, 서울, 06081, 대한민국"
삼성중앙,9호선,37.513011,127.053282,8.905480667178974,"삼성로, 삼성2동, 강남구, 서울, 06158, 대한민국"
선정릉,9호선,37.510297,127.043999,8.534005150963695,"봉은사로, 삼성2동, 강남구, 서울, 06097, 대한민국"
언주,9호선,37.507287,127.033868,8.219837704668102,"봉은사로, 역삼1동, 강남구, 서울, 06143, 대한민국"
신논현,9호선,37.504598,127.02506,8.036068824574695,"247클리닉, 108, 봉은사로, 역삼1동, 강남구, 서울, 06123, 대한민국"
사평,9호선,37.504206,127.015259,7.667275282362344,"사평대로, 반포1동, 서초구, 서울, 06598, 대한민국"
고속터미널,9호선,37.50598,127.004403,7.123937903296448,"신반포로23길, 반포4동, 서초구, 서울, 06545, 대한민국"
신반포,9호선,37.503415,126.995925,7.195908236366291,"반포2동, 서초구, 서울, 06504, 대한민국"
구반포,9호선,37.501364,126.987332,7.296794579609581,"반포본동, 서초구, 서울, 06504, 대한민국"
동작,9호선,37.502878,126.978153,7.0839175121434215,"동작테니스장, 현충로, 동작동, 사당2동, 동작구, 서울, 06694, 대한민국"
흑석,9호선,37.50877,126.963708,6.554578812485661,"현충로, 흑석동, 노량진1동, 동작구, 서울, 06981, 대한민국"
노들,9호선,37.512887,126.953222,6.3642804159981905,"노량진로, 본동, 노량진1동, 동작구, 서울, 06969, 대한민국"
노량진,9호선,37.513534,126.941005,6.749486616297686,"노량진, 130, 노량진로, 노량진동, 노량진1동, 동작구, 서울, 06922, 대한민국"
샛강,9호선,37.517274,126.928422,7.0234919897955645,"샛강, 의사당대로, 여의동, 영등포구, 서울, 07333, 대한민국"
여의도,9호선,37.52176,126.92403,6.903320476446403,"의사당대로, 여의동, 영등포구, 서울, 07328, 대한민국"
국회의사당,9호선,37.528105,126.917874,6.826204572445201,"의사당대로, 여의동, 영등포구, 서울, 07237, 대한민국"
당산,9호선,37.533406,126.902809,7.601922465588194,"당산, 40, 양평로, 당산동5가, 당산2동, 영등포구, 서울, 07214, 대한민국"
선유도,9호선,37.53802,126.893525,8.112533292523867,"더 스테이트 선유 호텔, 132, 양평로, 양평동5가, 양평2동, 영등포구, 서울, 07205, 대한민국"
신목동,9호선,37.544277,126.88308,8.744507414244705,"안양천로, 목2동, 양천구, 서울, 07969, 대한민국"
염창,9호선,37.546936,126.874916,9.363291591436901,"어바니엘주상복합, 630, 공항대로, 목2동, 양천구, 서울, 07972, 대한민국"
등촌,9호선,37.550632,126.865689,10.07531058735633,"538, 공항대로, 목3동, 양천구, 서울, 07664, 대한민국"
증미,9호선,37.557402,126.861939,10.29875495331253,"증미, 양천로, 가양3동, 강서구, 서울, 07565, 대한민국"
가양,9호선,37.561391,126.854456,10.922576172924161,"488, 양천로, 가양동, 가양2동, 강서구, 서울, 07574, 대한민국"
양천향교,9호선,37.568381,126.841333,12.065060788444438,"양천로, 마곡지구도시개발지구, 가양1동, 강서구, 서울, 07573, 대한민국"
마곡나루,9호선,37.566778,126.82731,13.299516041861153,"마곡나루, 지하 2, 마곡중앙5로, 마곡지구도시개발지구, 가양1동, 강서구, 서울, 07594, 대한민국"
신방화,9호선,37.567532,126.816601,14.243686928661399,"방화1동, 강서구, 서울, 07598, 대한민국"
공항시장,9호선,37.563726,126.810678,14.769136501157272,"방화동로, 공항동, 강서구, 서울, 07622, 대한민국"
김포공항,9호선,37.561916,126.802152,15.526066776184908,"김포공항, 하늘길, 방화2동, 강서구, 서울, 07612, 대한민국"
개화,9호선,37.578608,126.798153,15.924298302604932,"개화, 19, 개화동로8길, 방화2동, 강서구, 서울, 07602, 대한민국"
북한산우이(도선사입구),우이신설선,37.66284,127.01272,11.126488035043364,"삼양로, 우이동, 강북구, 서울, 01376, 대한민국"
솔밭공원,우이신설선,37.65607,127.01326,10.418417650465484,"삼양로, 우이동, 쌍문1동, 강북구, 서울, 01021, 대한민국"
4.19민주묘지(덕성여대),우이신설선,37.64954,127.01371,9.740021088469094,"삼양로, 우이동, 수유2동, 강북구, 서울, 01021, 대한민국"
가오리,우이신설선,37.64162,127.01681,9.01003731917918,"삼양로, 수유2동, 강북구, 서울, 01041, 대한민국"
화계,우이신설선,37.63428,127.0175,8.285273782536247,"삼양로, 인수동, 강북구, 서울, 01083, 대한민국"
삼양,우이신설선,37.62706,127.01817,7.590608872408362,"삼양동 주민센터, 268, 삼양로, 삼양동, 강북구, 서울, 01121, 대한민국"
삼양사거리,우이신설선,37.62144,127.02049,7.147418735284216,"삼양로, 송천동, 강북구, 서울, 01121, 대한민국"
솔샘,우이신설선,37.62037,127.01357,6.74367562559303,"삼양동, 강북구, 서울, 01192, 대한민국"
북한산보국문(서경대),우이신설선,37.61233,127.00816,5.730655661135156,"보국문로, 정릉4동, 성북구, 서울, 02708, 대한민국"
정릉(국민대입구),우이신설선,37.60278,127.01345,5.083705460385896,"정릉입구, 아리랑로, 정릉1동, 성북구, 서울, 02815, 대한민국"
성신여대입구,우이신설선,37.59287,127.01656,4.468470595847355,"동인약국, 107, 동소문로, 동선동4가, 동선동, 성북구, 서울, 02829, 대한민국"
보문,우이신설선,37.58551,127.01939,4.19552694251333,"보문역, 보문로, 보문동1가, 보문동, 성북구, 서울, 02870, 대한민국"
신설동,우이신설선,37.57579,127.02361,4.130598804034558,"왕산로, 신설동, 용신동, 동대문구, 서울, 02586, 대한민국"
양원(서울시북부병원),경의중앙,37.6066,127.108,12.271968618983971,"2, 망우로87길, 망우동, 망우본동, 중랑구, 서울, 02062, 대한민국"
상봉,경의중앙,37.595254,127.085853,10.007500357124501,"4, 면목로94길, 상봉2동, 중랑구, 서울, 02098, 대한민국"
중랑,경의중앙,37.594948,127.076152,9.189481720503021,"1, 중랑역로, 중화동, 중화2동, 중랑구, 서울, 02130, 대한민국"
회기,경의중앙,37.589802,127.057936,7.485616004150959,"196, 회기로, 휘경1동, 동대문구, 서울, 02444, 대한민국"
청량리,경의중앙,37.580543,127.046516,6.217195887504068,"청량문화광장, 전농1동, 동대문구, 서울, 대한민국"
왕십리,경의중앙,37.561128,127.035505,5.086934485903537,"왕십리역, 왕십리광장로, 행당동, 행당1동, 성동구, 서울, 04715, 대한민국"
응봉,경의중앙,37.550433,127.034824,5.304270895343854,"1, 중랑천 자전거길, 응봉동, 금호4가동, 성동구, 서울, 04747, 대한민국"
한남,경의중앙,37.529361,127.008984,4.949346320104373,"1, 서빙고로, 한남동, 용산구, 서울, 04410, 대한민국"
망우,경의중앙,37.599295,127.092336,10.694691489981299,"19, 망우역광장, 상봉동, 상봉1동, 중랑구, 서울, 02072, 대한민국"
서빙고,경의중앙,37.51961,126.988358,5.299565103590257,"1, 서빙고로, 서빙고동, 용산구, 서울, 04428, 대한민국"
이촌,경의중앙,37.522476,126.973816,4.9199470915408865,"1, 이촌로65가길, 이촌동, 이촌1동, 용산구, 서울, 04386, 대한민국"
서울역,경의중앙,37.556964,126.971276,1.2318272500935,"서울로 7017, 남대문로5가, 봉래동2가, 회현동, 중구, 서울, 04509, 대한민국"
효창공원앞,경의중앙,37.539289,126.961339,3.3797465409730516,"효창공원앞, 백범로, 효창동, 용산구, 서울, 04311, 대한민국"
공덕,경의중앙,37.542611,126.952134,3.5196363125250123,"백범로, 1통, 도화동, 마포구, 서울, 04195, 대한민국"
신촌,경의중앙,37.559768,126.942308,3.25347680343649,"2, 이화여대길, 대현동, 신촌동, 서대문구, 서울, 03766, 대한민국"
서강대,경의중앙,37.552132,126.935389,4.1019264150838834,"서강대역 1번출구, 서강로14길, 21통, 대흥동, 마포구, 서울, 04101, 대한민국"
홍대입구,경의중앙,37.55808,126.925533,4.737924066697867,"홍대입구, 160, 양화로, 홍대거리, 서교동, 마포구, 서울, 04050, 대한민국"
가좌,경의중앙,37.568611,126.914841,5.589152652462933,"성산2동, 마포구, 서울, 대한민국"
수색,경의중앙,37.580855,126.895681,7.4438025922033795,"2, 수색로, 수색동, 은평구, 서울, 03505, 대한민국"
디지털미디어시티,경의중앙,37.577475,126.900453,6.958488784866354,"2, 수색로, 증산동, 은평구, 서울, 03505, 대한민국"
옥수,경의중앙,37.540446,127.018672,4.601572964647242,"2, 한강 자전거길 (동호대교 북단), 옥수동, 성동구, 서울, 04734, 대한민국"
용산,경의중앙,37.529849,126.964561,4.258262270520969,"55, 한강대로23길, 한강로3가, 한강로동, 용산구, 서울, 04377, 대한민국"
샛강,신림,37.51715099617103,126.92949511440423,6.97553261780645,"샛강, 여의동로, 여의동, 영등포구, 서울, 07343, 대한민국"
대방(성애병원),신림,37.51302197258486,126.92554017518772,7.552092251724874,"대방, 300, 여의대방로, 신길7동, 영등포구, 서울, 07319, 대한민국"
서울지방병무청,신림,37.506028336724505,126.92267441513674,8.325553349872528,"신길7동, 영등포구, 서울, 07360, 대한민국"
보라매,신림,37.49986380893415,126.92019280587613,9.011591990054097,"신풍로, 신길6동, 영등포구, 서울, 07435, 대한민국"
보라매공원,신림,37.49521329003488,126.91825273797332,9.535742462996318,"여의대방로20길, 신대방동, 신대방2동, 동작구, 서울, 07062, 대한민국"
보라매병원(전문건설회관),신림,37.49280216609114,126.92359268240538,9.51323275469339,"보라매로5길, 신대방동, 신대방2동, 동작구, 서울, 08708, 대한민국"
당곡,신림,37.49017371989295,126.9275529771196,9.599056286334841,"보라매로, 보라매동, 관악구, 서울, 08709, 대한민국"
신림,신림,37.48491306754554,126.92959326054164,10.042448255631403,"SK허브그린, 344, 신림로, 신림동, 관악구, 서울, 08754, 대한민국"
서원,신림,37.47821158950264,126.93308169642698,10.6018477918761,"서원, 신림로, 서원동, 관악구, 서울, 08845, 대한민국"
서울대벤처타운,신림,37.47194107329665,126.9339916655252,11.223088073045348,"신림로, 서림동, 관악구, 서울, 08845, 대한민국"
관악산(서울대),신림,37.468991450151215,126.94511767812192,11.237417358349264,"신림로3가길, 녹두거리, 대학동, 관악구, 서울, 08825, 대한민국"
서울역,공항철도,37.5490645,126.9704658,2.0641591948399474,"청파동, 청파로, 서계동, 청파동, 용산구, 서울, 04303, 대한민국"
공덕,공항철도,37.5427105,126.9516296,3.540524092841943,"공덕역 9번출구, 백범로, 1통, 도화동, 마포구, 서울, 04195, 대한민국"
홍대입구,공항철도,37.5578854,126.9265227,4.656929330036511,"190-1, 신촌로2길, 동교동, 서교동, 마포구, 서울, 04056, 대한민국"
디지털미디어시티,공항철도,37.5783645,126.8972464,7.254110563581183,"한국철도공사 서울차량사업소, 성암로, 21통, 상암동, 마포구, 서울, 03927, 대한민국"
마곡나루,공항철도,37.5653322,126.827608,13.274093503304353,"마곡나루역5번출구, 마곡중앙로, 마곡지구도시개발지구, 가양1동, 강서구, 서울, 07594, 대한민국"
김포공항,공항철도,37.5667733,126.8025118,15.485179985085376,"하늘길, 방화2동, 강서구, 서울, 07612, 대한민국"
청량리,경춘,37.580113,127.045043,6.079586646498601,"홍릉로, 전농1동, 동대문구, 서울, 02559, 대한민국"
회기,경춘,37.589774,127.057989,7.488928911909904,"196, 회기로, 휘경1동, 동대문구, 서울, 02444, 대한민국"
중랑,경춘,37.594944,127.076152,9.189329299977663,"1, 중랑역로, 중화동, 중화2동, 중랑구, 서울, 02130, 대한민국"
신내,경춘,37.612855,127.103277,12.162157207323062,"1, 용마산로136길, 망우본동, 중랑구, 서울, 02053, 대한민국"
망우,경춘,37.59955,127.091909,10.669007656362586,"망우, 상봉중앙로1다길, 상봉동, 상봉1동, 중랑구, 서울, 02098, 대한민국"
상봉,경춘,37.596678,127.08504,9.991440287751521,"1, 망우로, 상봉동, 상봉1동, 중랑구, 서울, 02098, 대한민국"
광운대,경춘,37.623632,127.061835,9.722628530295843,"광운대, 석계로, 월계1동, 노원구, 서울, 01906, 대한민국"
청량리,수인분당,37.580113,127.045043,6.079586646498601,"홍릉로, 전농1동, 동대문구, 서울, 02559, 대한민국"
압구정로데오,수인분당,37.527385,127.040555,7.015436094450246,"846, 선릉로, 청담동, 강남구, 서울, 06019, 대한민국"
선정릉(한국과학창의재단),수인분당,37.510275,127.043817,8.524901843602063,"봉은사로, 논현2동, 강남구, 서울, 06143, 대한민국"
선릉,수인분당,37.504479,127.048941,9.305624972605926,"선릉, 340, 테헤란로, 역삼동, 역삼2동, 강남구, 서울, 06211, 대한민국"
복정(동서울대학),수인분당,37.469753,127.126627,16.949587782243846,"성남대로, 위례동, 송파구, 서울, 05845, 대한민국"
왕십리,수인분당,37.561128,127.035505,5.086934485903537,"왕십리역, 왕십리광장로, 행당동, 행당1동, 성동구, 서울, 04715, 대한민국"
서울숲,수인분당,37.543647,127.044686,6.391507036119552,"서울숲, 왕십리로, 성수동1가, 성수1가1동, 성동구, 서울, 04769, 대한민국"
강남구청,수인분당,37.517172,127.041275,7.817434092320228,"강남구청, 선릉로, 논현2동, 강남구, 서울, 06059, 대한민국"
한티,수인분당,37.496208,127.052883,10.227643820533071,"선릉로, 도곡2동, 강남구, 서울, 06275, 대한민국"
도곡,수인분당,37.490914,127.055393,10.822746912516596,"선릉로, 대치1동, 강남구, 서울, 06289, 대한민국"
대모산입구,수인분당,37.491422,127.07274,11.804608155756872,"대모산입구, 개포로, 개포2동, 강남구, 서울, 06335, 대한민국"
수서,수인분당,37.487472,127.101422,13.980591317474119,"밤고개로, 수서동, 강남구, 서울, 06367, 대한민국"
구룡,수인분당,37.486839,127.058856,11.36731242889865,"개포로, 개포동, 개포2동, 강남구, 서울, 06323, 대한민국"
미사,5호선,37.5609,127.194,19.031125776331514,"미사강변남로, 미사1동, 하남시, 경기도, 12912, 대한민국"
고촌,김포골드라인,37.6012,126.77,18.74585708848299,"고촌역 2번출구, 김포대로, 고촌읍, 김포시, 경기도, 10129, 대한민국"
풍무,김포골드라인,37.6125,126.732,22.285971934223802,"709, 김포대로, 사우동, 태리, 김포시, 경기도, 10110, 대한민국"
사우,김포골드라인,37.6203,126.72,23.52043170337834,"사우역 2번출구, 사우중로, 사우동, 김포시, 경기도, 10109, 대한민국"
걸포북변,김포골드라인,37.6316,126.706,25.047070028524505,"김포대로, 북변동, 김포시, 경기도, 10099, 대한민국"
운양,김포골드라인,37.6539,126.684,27.67438943670608,"227, 김포한강1로, 운양동, 김포시, 경기도, 10078, 대한민국"
장기,김포골드라인,37.644,126.669,28.566347974169073,"장기, 김포한강4로, 장기동, 김포시, 경기도, 10083, 대한민국"
마산,김포골드라인,37.6407,126.644,30.573145174198455,"432, 김포한강3로, 마산동, 구래리, 김포시, 경기도, 10066, 대한민국"
구래,김포골드라인,37.6454,126.629,31.98592362558858,"김포한강7로, 구래동, 양곡리, 김포시, 경기도, 10071, 대한민국"
양촌,김포골드라인,37.6424,126.614,33.172985924226985,"45, 대곶남로672번길, 양촌읍, 김포시, 경기도, 10045, 대한민국"
원시,서해선,37.3024,126.787,33.88158504562035,"동산로, 원시동, 단원구, 안산시, 경기도, 15600, 대한민국"
원곡,서해선,37.3132,126.796,32.44397647158335,"동산로, 원시동, 단원구, 안산시, 경기도, 15434, 대한민국"
초지,서해선,37.3196,126.808,31.30549648567753,"초지, 초지역지하차도, 초지동, 단원구, 안산시, 경기도, 15386, 대한민국"
선부,서해선,37.3344,126.81,29.783065608728084,"선부광장로, 선부동, 단원구, 안산시, 경기도, 대한민국"
달미,서해선,37.3488,126.809,28.45174421704932,"달미, 순환로, 땟골마을, 단원구, 안산시, 경기도, 15214, 대한민국"
시흥능곡,서해선,37.3699,126.809,26.482235009670497,"연성뷰파이브, 8, 시흥대로, 능곡주공6단지아파트, 능곡동, 시흥시, 경기도, 14995, 대한민국"
시흥시청,서해선,37.3822,126.806,25.520474717709043,"시흥대로, 광석동, 연성동, 시흥시, 경기도, 14998, 대한민국"
신현,서해선,37.409,126.788,24.26268372353685,"신현역 2번 출입구, 시흥대로, 미산동, 신현동, 시흥시, 경기도, 14957, 대한민국"
신천,서해선,37.4391,126.787,22.032675943287355,"신천로100번길, 신천동, 시흥시, 경기도, 14950, 대한민국"
시흥대야,서해선,37.4501,126.793,20.84810047483558,"시흥대야, 복지로120번길, 영남2차아파트, 대야동, 시흥시, 경기도, 14907, 대한민국"
소새울,서해선,37.4685,126.797,19.348423759851105,"소새울, 소사로, 소사본동, 소사구, 부천시, 경기도, 14901, 대한민국"
소사,서해선,37.4833,126.795,18.62228653305844,"소사로, 소사동, 원미구, 부천시, 경기도, 14651, 대한민국"
탑석,의정부선,37.7336,127.089,20.97711653002339,"탑석, 부용천 자전거길, 용현동, 의정부시, 경기도, 11803, 대한민국"
송산,의정부선,37.7373,127.087,21.262202284476885,"용현동, 의정부시, 경기도, 11789, 대한민국"
어룡,의정부선,37.7428,127.085,21.73304760998759,"어룡역, 충의로124번길, 의정부시, 경기도, 11803, 대한민국"
곤제,의정부선,37.7505,127.084,22.47120579420368,"곤제, 부용천 자전거길, 의정부시, 경기도, 11755, 대한민국"
효자,의정부선,37.754,127.077,22.581474242727,"부용천 자전거길, 용현동, 의정부시, 경기도, 11775, 대한민국"
경기도청북부청사,의정부선,37.7506,127.071,22.031884698484724,"경기도청북부청사역 1번출구, 장곡로, 금오동, 의정부시, 경기도, 11775, 대한민국"
새말,의정부선,37.7489,127.064,21.63371598709723,"새말, 장곡로, 의정부시, 경기도, 11777, 대한민국"
동오,의정부선,37.7453,127.057,21.048078968337837,"동오, 장곡로, 의정부시, 경기도, 11740, 대한민국"
의정부중앙,의정부선,37.7437,127.05,20.683660599685552,"장흥식당, 1309, 호국로, 의정부동, 의정부1동, 의정부시, 경기도, 11689, 대한민국"
흥선,의정부선,37.7433,127.037,20.320114886644348,"흥선, 호국로, 의정부2동, 의정부시, 경기도, 11672, 대한민국"
의정부시청,의정부선,37.7393,127.035,19.84527338471218,"의정부시청, 69, 의정로, 의정부2동, 의정부시, 경기도, 11672, 대한민국"
경전철의정부,의정부선,37.7372,127.043,19.810609113149017,"경전철의정부역 1번출구, 신흥로, 의정부2동, 의정부시, 경기도, 11652, 대한민국"
범골,의정부선,37.7288,127.044,18.94487596592598,"장수순대, 41-7, 백석로52번길, 호원2동, 의정부시, 경기도, 11632, 대한민국"
회룡,의정부선,37.725,127.047,18.62727609568988,"363, 평화로, 호원2동, 의정부시, 경기도, 11637, 대한민국"
발곡,의정부선,37.727,127.053,19.014128872178652,"장곡로, 의정부시, 경기도, 11733, 대한민국"
전대.에버랜드,에버라인선,37.2853,127.22,37.870493380823696,"전대·에버랜드, 에버랜드로, 처인구, 용인시, 경기도, 17028, 대한민국"
둔전,에버라인선,37.2671,127.214,39.27628029111838,"둔전, 경안천로, 처인구, 용인시, 경기도, 17038, 대한민국"
보평,에버라인선,37.259,127.218,40.22823509485716,"경안천 자전거길, 고림동, 처인구, 용인시, 경기도, 17041, 대한민국"
고진,에버라인선,37.2448,127.214,41.401142026680354,"경안천 자전거길, 유방동, 처인구, 용인시, 경기도, 17148, 대한민국"
운동장.송담대,에버라인선,37.2378,127.209,41.859276463926136,"김량대교, 김량장동, 동성그린빌라, 처인구, 용인시, 경기도, 17153, 대한민국"
김량장,에버라인선,37.2372,127.199,41.49516900274233,"금학천 자전거길, 역북동, 처인구, 용인시, 경기도, 17020, 대한민국"
명지대,에버라인선,37.238,127.19,41.0482505765442,"금학천 자전거길, 역북동, 처인구, 용인시, 경기도, 17020, 대한민국"
시청.용인대,에버라인선,37.2392,127.178,40.45594632091346,"처인구, 용인시, 경기도, 17020, 대한민국"
삼가,에버라인선,37.2421,127.168,39.7856924361783,"중부대로, 삼가동, 처인구, 용인시, 경기도, 17091, 대한민국"
초당,에버라인선,37.2608,127.159,37.56445714934307,"초당지하차도, 기흥구, 용인시, 경기도, 17013, 대한민국"
동백,에버라인선,37.269,127.153,36.51364236023509,"동백역 2번출구, 동백3로, 대원칸타빌아파트, 기흥구, 용인시, 경기도, 17009, 대한민국"
어정,에버라인선,37.2749,127.144,35.58559692497935,"어정역 2번출구, 신갈천자전거길, 구갈동, 기흥구, 용인시, 경기도, 16995, 대한민국"
지석,에버라인선,37.2696,127.137,35.87763866032654,"신갈천자전거길, 구갈동, 기흥구, 용인시, 경기도, 16995, 대한민국"
강남대,에버라인선,37.2702,127.126,35.447122715545305,"강남대, 강남대지하차도, 구갈동, 기흥구, 용인시, 경기도, 16978, 대한민국"
기흥,에버라인선,37.2754,127.117,34.62071374533863,"기흥, 신갈천자전거길, 구갈동, 기흥구, 용인시, 경기도, 17067, 대한민국"
광교,신분당선(연장),37.3021,127.044,29.977737248409245,"광교, 55, 대학로, 이의동, 영통구, 수원시, 경기도, 16226, 대한민국"
광교중앙,신분당선(연장),37.2886,127.051,31.571881675203873,"도청로, 영통구, 수원시, 경기도, 16509, 대한민국"
상현,신분당선(연장),37.2977,127.069,30.954884750776152,"311, 광교중앙로, 상현동, 신봉동, 수지구, 용인시, 경기도, 16944, 대한민국"
성복,신분당선(연장),37.3133,127.08,29.563264267967632,"수지로, 신봉동, 수지구, 용인시, 경기도, 16858, 대한민국"
수지구청,신분당선(연장),37.3227,127.095,29.012888905285756,"로얄스포츠센터, 119, 풍덕천로, 풍덕천동, 신봉동, 수지구, 용인시, 경기도, 16836, 대한민국"
동천,신분당선(연장),37.3379,127.103,27.712316067709633,"동천, 신수로, 신봉동, 수지구, 용인시, 경기도, 16826, 대한민국"
미금,신분당선(연장),37.35,127.109,26.70738477387722,"미금역 사거리, 돌마로, 분당구, 성남시, 경기도, 13615, 대한민국"
정자,신분당선,37.3671,127.108,24.965062581077643,"성남대로, 분당구, 성남시, 경기도, 13555, 대한민국"
판교,신분당선,37.3948,127.112,22.455693756414167,"판교, 판교역로146번길, 백현동, 분당구, 성남시, 경기도, 13529, 대한민국"
청계산입구,신분당선,37.4472,127.056,14.943823590159724,"청계산로, 내곡동, 양재2동, 서초구, 서울, 06794, 대한민국"
양재시민의숲,신분당선,37.47,127.038,11.964758467736084,"양재시민의숲, 강남대로, 양재동, 양재2동, 서초구, 서울, 06779, 대한민국"
영종,공항철도1호선,37.512,126.524,40.504697660713646,"운북동, 영종동, 중구, 인천광역시, 22372, 대한민국"
인천공항2터미널,공항철도1호선,37.4607,126.441,48.822697656172004,"인천국제공항, 272, 공항로, 운서동, 중구, 인천광역시, 22382, 대한민국"
인천공항1터미널,공항철도1호선,37.4475,126.453,48.182715688576764,"인천국제공항 제1여객터미널 교통센터, 271, 공항로, 운서동, 중구, 인천광역시, 22382, 대한민국"
공항화물청사,공항철도1호선,37.459,126.478,45.71196778223837,"공항동로135번길, 운서동, 중구, 인천광역시, 22379, 대한민국"
운서,공항철도1호선,37.4929,126.494,43.47694774477129,"1, 인천국제공항고속도로, 운서동, 중구, 인천광역시, 22371, 대한민국"
청라국제도시,공항철도1호선,37.5564,126.625,31.15347154144022,"2, 인천국제공항고속도로, 청라3동, 서구, 인천광역시, 22689, 대한민국"
검암,공항철도1호선,37.5691,126.674,26.812988438891878,"1, 서곶로, 검암동, 검암경서동, 서구, 인천광역시, 22694, 대한민국"
계양,공항철도1호선,37.5717,126.736,21.354258741760688,"24, 다남로, 귤현동, 계양1동, 계양구, 인천광역시, 21015, 대한민국"
석남,7호선,37.5062,126.676,27.479457410036876,"가남로, 가좌동, 석남2동, 서구, 인천광역시, 22796, 대한민국"
산곡,7호선,37.5086,126.704,25.022213225853417,"산곡, 379, 길주로, 산곡동, 청천2동, 부평구, 인천광역시, 21364, 대한민국"
부평구청,7호선(인천),37.5085,126.721,23.58012067985766,"부평구청역 1번 출구, 부평대로, 갈산동, 청천2동, 부평구, 인천광역시, 21315, 대한민국"
굴포천,7호선(인천),37.5068,126.732,22.703739362258723,"길주로, 삼산동, 부평구, 인천광역시, 21355, 대한민국"
삼산체육관,7호선(인천),37.5072,126.742,21.848636606626584,"수변로, 삼산동, 부평구, 인천광역시, 14505, 대한민국"
상동,7호선(인천),37.5058,126.753,20.975961157194167,"우리은행, 91 비잔티움주상복합, 길주로, 원미구, 부천시, 경기도, 14543, 대한민국"
부천시청,7호선(인천),37.5044,126.764,20.11336529578675,"길주로, 중동, 원미구, 부천시, 경기도, 14537, 대한민국"
신중동,7호선(인천),37.5028,126.776,19.188443577522467,"먹쉬돈나, 300, 길주로, 중동, 원미구, 부천시, 경기도, 14548, 대한민국"
춘의,7호선(인천),37.5037,126.788,18.170629800151872,"길주로412번길, 준공업지역, 원미구, 부천시, 경기도, 14488, 대한민국"
부천종합운동장,7호선(인천),37.505,126.797,17.383259936280986,"부천종합운동장역 인천교통공사 별관, 길주로, 춘의동, 원미구, 부천시, 경기도, 14488, 대한민국"
까치울,7호선(인천),37.5061,126.811,16.20466704264568,"까치울역 2번출구, 길주로, 춘의동, 원미구, 부천시, 경기도, 14478, 대한민국"
운연,인천2호선,37.4401,126.76,23.839292155215073,"운연, 매소홀로, 운연동, 장수서창동, 남동구, 인천광역시, 21604, 대한민국"
인천대공원,인천2호선,37.4488,126.753,23.793749822417826,"수인로, 장수동, 장수서창동, 남동구, 인천광역시, 21541, 대한민국"
남동구청,인천2호선,37.4482,126.737,25.01921757328298,"인주대로, 만수동, 만수1동, 남동구, 인천광역시, 21591, 대한민국"
만수,인천2호선,37.4549,126.732,25.016424747250344,"구월로372번길, 만수동, 만수1동, 남동구, 인천광역시, 21540, 대한민국"
모래내시장,인천2호선,37.4558,126.719,25.970298153930255,"구월로, 현대홈타운 아파트, 구월2동, 남동구, 인천광역시, 21561, 대한민국"
석천사거리,인천2호선,37.4568,126.71,26.62048523995615,"구월로, 현대홈타운 아파트, 구월2동, 남동구, 인천광역시, 21561, 대한민국"
인천시청,인천2호선,37.4568,126.701,27.32834801514576,"구월로, 현대홈타운 아파트, 간석1동, 남동구, 인천광역시, 21561, 대한민국"
석바위시장,인천2호선,37.4576,126.693,27.922591850115936,"구월로, 현대홈타운 아파트, 주안6동, 미추홀구, 인천광역시, 21561, 대한민국"
시민공원,인천2호선,37.4583,126.681,28.847108581764797,"시민공원역 2번출구, 경인로, 주안4동, 미추홀구, 인천광역시, 22148, 대한민국"
주안,인천2호선,37.465,126.679,28.705173620897007,"4, 주안로, 주안동, 주안1동, 미추홀구, 인천광역시, 22136, 대한민국"
주안국가산단,인천2호선,37.4737,126.681,28.17284197297607,"86, 길파로, 주안동, 주안5동, 미추홀구, 인천광역시, 22122, 대한민국"
가재울,인천2호선,37.4842,126.684,27.51472087044429,"열우물로, 가좌4동, 서구, 인천광역시, 22821, 대한민국"
인천가좌,인천2호선,37.4897,126.675,28.071162392524123,"가정로58번길, 가좌동, 가좌1동, 서구, 인천광역시, 22834, 대한민국"
서부여성회관,인천2호선,37.5002,126.676,27.65108052059124,"인천대로, 석남3동, 서구, 인천광역시, 22796, 대한민국"
석남,인천2호선,37.5062,126.676,27.479457410036876,"가남로, 가좌동, 석남2동, 서구, 인천광역시, 22796, 대한민국"
가정중앙시장,인천2호선,37.5171,126.677,27.120451797423073,"인천대로, 가정1동, 서구, 인천광역시, 22799, 대한민국"
가정,인천2호선,37.5247,126.676,27.04720300840399,"봉오대로, 가정동, 가정1동, 서구, 인천광역시, 22775, 대한민국"
서구청,인천2호선,37.5437,126.677,26.67330914846681,"탁옥로, 심곡동, 연희동, 서구, 인천광역시, 22726, 대한민국"
아시아드경기장,인천2호선,37.5517,126.677,26.601761620252436,"서곶로, 심곡동, 연희동, 서구, 인천광역시, 22726, 대한민국"
검바위,인천2호선,37.5614,126.678,26.46663170454072,"서곶로, 검암동, 검암경서동, 서구, 인천광역시, 22696, 대한민국"
검암,인천2호선,37.5687,126.676,26.636366465562507,"검암역 3번출구, 서곶로, 검암동, 검암경서동, 서구, 인천광역시, 22696, 대한민국"
독정,인천2호선,37.5852,126.676,26.712692962428104,"검단마트약국, 754, 서곶로, 독가촌, 당하동, 서구, 인천광역시, 22686, 대한민국"
완정,인천2호선,37.5929,126.673,27.054071970185984,"완정, 청마로7번길, 당하동, 서구, 인천광역시, 22677, 대한민국"
마전,인천2호선,37.5976,126.667,27.639238817126856,"영남탑스빌웰빙타운, 70, 완정로, 당하동, 서구, 인천광역시, 22640, 대한민국"
검단사거리,인천2호선,37.6018,126.657,28.573217258989242,"뷰비스타운, 474, 검단로, 오류왕길동, 서구, 인천광역시, 22636, 대한민국"
왕길,인천2호선,37.5952,126.643,29.70946470249295,"검단로, 오류동, 오류왕길동, 서구, 인천광역시, 22652, 대한민국"
검단오류,인천2호선,37.5949,126.627,31.10832881411555,"검단로, 오류동, 오류왕길동, 서구, 인천광역시, 22652, 대한민국"
송도달빛축제공원,인천1호선,37.4071,126.626,35.779851938413834,"9, 송도2동, 연수구, 인천광역시, 22020, 대한민국"
국제업무지구,인천1호선,37.3999,126.63,35.88195672510763,"국제업무지구 1번출구, 인천타워대로, 송도4동, 연수구, 인천광역시, 22007, 대한민국"
센트럴파크,인천1호선,37.3931,126.635,35.90659216505272,"인천도시역사관, 238, 인천타워대로, 송도2동, 연수구, 인천광역시, 22009, 대한민국"
인천대입구,인천1호선,37.386,126.639,36.04437583506763,"인천타워대로, 송도4동, 연수구, 인천광역시, 22009, 대한민국"
지식정보단지,인천1호선,37.3784,126.645,36.09045510490887,"인천타워대로, 송도동, 송도1동, 연수구, 인천광역시, 22009, 대한민국"
테크노파크,인천1호선,37.3823,126.656,35.04812389346984,"테크노파크, 송도국제대로, 송도동, 송도1동, 연수구, 인천광역시, 21982, 대한민국"
캠퍼스타운,인천1호선,37.3879,126.662,34.25420947463482,"캠퍼스타운, 지하66, 송도국제대로, 송도동, 송도1동, 연수구, 인천광역시, 21982, 대한민국"
동막,인천1호선,37.3979,126.674,32.746474224380016,"승기천 자전거길, 동춘2동, 연수구, 인천광역시, 21698, 대한민국"
동춘,인천1호선,37.4047,126.681,31.80720079390813,"이마트, 경원대로, 동춘3동, 연수구, 인천광역시, 21974, 대한민국"
원인재,인천1호선,37.4123,126.688,30.82060374221428,"294, 경원대로, 연수2동, 연수구, 인천광역시, 21936, 대한민국"
신연수,인천1호선,37.418,126.694,30.02811754266389,"신연수, 368, 경원대로, 연수3동, 연수구, 인천광역시, 21938, 대한민국"
선학,인천1호선,37.4267,126.699,29.13175704303774,"경원대로, 선학동, 연수구, 인천광역시, 21938, 대한민국"
문학경기장,인천1호선,37.4349,126.699,28.654125029537546,"예술로, 선학동, 연수구, 인천광역시, 22241, 대한민국"
인천터미널,인천1호선,37.4424,126.7,28.159069126517945,"예술로, 관교동, 미추홀구, 인천광역시, 21574, 대한민국"
예술회관,인천1호선,37.4494,126.701,27.70676282081287,"예술로, 인천광역시교육청, 구월1동, 남동구, 인천광역시, 21558, 대한민국"
인천시청,인천1호선,37.4573,126.702,27.224527794008363,"인천시청, 예술로, 인천광역시교육청, 간석1동, 남동구, 인천광역시, 21574, 대한민국"
간석오거리,인천1호선,37.467,126.708,26.27822447348616,"남동대로, 구월동, 간석4동, 남동구, 인천광역시, 21554, 대한민국"
부평삼거리,인천1호선,37.4777,126.71,25.635022100865953,"경인로769번길, 부평동, 부평구, 인천광역시, 21435, 대한민국"
동수,인천1호선,37.4853,126.718,24.66236130302115,"경인로, 부평동, 부평구, 인천광역시, 21408, 대한민국"
부평,인천1호선,37.4905,126.723,24.04241221893129,"경원대로1344번길, 부평동, 부평구, 인천광역시, 21404, 대한민국"
부평시장,인천1호선,37.4984,126.722,23.829988212350255,"한화생명, 부평대로71번길, 부평동, 부평구, 인천광역시, 21359, 대한민국"
부평구청,인천1호선,37.5084,126.721,23.58318343793138,"부평구청역 1번 출구, 부평대로, 갈산동, 청천2동, 부평구, 인천광역시, 21315, 대한민국"
갈산,인천1호선,37.5173,126.722,23.24409423194041,"평천로287번길, 갈산동, 부평구, 인천광역시, 21333, 대한민국"
작전,인천1호선,37.5304,126.723,22.855627772628168,"봉오대로, 효성동, 작전2동, 계양구, 인천광역시, 21109, 대한민국"
경인교대입구,인천1호선,37.5382,126.723,22.71782330057399,"경인교대역입구, 계양대로, 계산동, 계산1동, 계양구, 인천광역시, 21091, 대한민국"
계산,인천1호선,37.5432,126.728,22.20873617768053,"경명대로, 계산2동, 계양구, 인천광역시, 21030, 대한민국"
임학,인천1호선,37.5451,126.739,21.22094823903496,"임학역 1번출구, 장제로, 임학동, 계양2동, 계양구, 인천광역시, 21035, 대한민국"
박촌,인천1호선,37.5537,126.745,20.60582151524683,"박촌, 장제로, 박촌동, 계양1동, 계양구, 인천광역시, 21022, 대한민국"
귤현,인천1호선,37.5664,126.743,20.73048489091218,"1136, 장제로, 계양3동, 계양구, 인천광역시, 21016, 대한민국"
계양,인천1호선,37.5714,126.736,21.353439283550202,"24, 다남로, 귤현동, 계양1동, 계양구, 인천광역시, 21015, 대한민국"
부평구청,7호선,37.5074,126.722,23.529410224902506,"길주로, 부평동, 청천2동, 부평구, 인천광역시, 21355, 대한민국"
굴포천,7호선,37.507,126.731,22.781557361323262,"길주로, 삼산동, 부평구, 인천광역시, 21355, 대한민국"
삼산체육관,7호선,37.5064,126.742,21.875792510107196,"길주로, 부개동, 삼산동, 부평구, 인천광역시, 14505, 대한민국"
상동,7호선,37.5058,126.753,20.975961157194167,"우리은행, 91 비잔티움주상복합, 길주로, 원미구, 부천시, 경기도, 14543, 대한민국"
부천시청,7호선,37.5046,126.764,20.105706919971333,"쿨펫동물병원 부천점, 188 이마트중동점, 길주로, 중동, 원미구, 부천시, 경기도, 14537, 대한민국"
신중동,7호선,37.503,126.776,19.180212332550873,"계남고가도로, 중동, 원미구, 부천시, 경기도, 14548, 대한민국"
춘의,7호선,37.5037,126.787,18.25204630830641,"길주로, 원미구, 부천시, 경기도, 14488, 대한민국"
부천종합운동장,7호선,37.5054,126.797,17.365746983525682,"길주로, 춘의동, 원미구, 부천시, 경기도, 14488, 대한민국"
까치울,7호선,37.5062,126.811,16.200046128838544,"길주로, 춘의동, 원미구, 부천시, 경기도, 14478, 대한민국"
이수,7호선,37.4852,126.982,9.055812745157505,"메가박스 이수점, 89, 동작대로, 사당1동, 동작구, 서울, 06677, 대한민국"
하남시청,5호선,37.542,127.206,20.266095765257024,"하남대로, 덕풍동, 덕풍3동, 하남시, 경기도, 12967, 대한민국"
하남검단산,5호선,37.5397,127.223,21.78588407474011,"대청로, 신장2동, 하남시, 경기도, 12944, 대한민국"
하남풍산,5호선,37.552,127.204,19.969193618266498,"덕풍119안전센터, 60, 덕풍서로, 덕풍3동, 하남시, 경기도, 12927, 대한민국"
미사,5호선,37.5609,127.194,19.031125776331514,"미사강변남로, 미사1동, 하남시, 경기도, 12912, 대한민국"
부천종합운동장,서해선,37.5055,126.797,17.361383789396147,"길주로, 춘의동, 원미구, 부천시, 경기도, 14488, 대한민국"
원종,서해선,37.5239,126.805,15.99089261228589,"이홍철산부인과, 원종로, 원종동, 부천시, 경기도, 14468, 대한민국"
대화,일산선,37.6761,126.748,23.650802940799494,"푸른대화치과, 1568, 중앙로, 대화동, 일산서구, 고양시, 경기도, 10381, 대한민국"
주엽,일산선,37.6701,126.761,22.326434200487068,"화성프라자, 1437, 중앙로, 주엽동, 주엽2동, 일산서구, 고양시, 경기도, 10387, 대한민국"
정발산,일산선,37.6595,126.773,20.81945351832427,"롯데백화점, 1283, 중앙로, 장항2동, 일산동구, 고양시, 경기도, 10401, 대한민국"
마두,일산선,37.6522,126.778,20.040934849167378,"올림픽스포츠센터, 1182, 중앙로, 마두동, 마두2동, 일산동구, 고양시, 경기도, 10414, 대한민국"
백석,일산선,37.6431,126.788,18.791965882400593,"백석, 일산로, 백석동, 백석1동, 일산동구, 고양시, 경기도, 10447, 대한민국"
대곡,일산선,37.6316,126.811,16.408970802537425,"71-81, 대주로107번길, 대장동, 능곡동, 덕양구, 고양시, 경기도, 10506, 대한민국"
화정,일산선,37.6346,126.833,14.860592490847994,"한화오벨리스크오피스텔, 65, 화정로, 화정동, 화정1동, 덕양구, 고양시, 경기도, 10497, 대한민국"
원당,일산선,37.6533,126.843,15.32364041298927,"1429, 고양대로, 성사1동, 덕양구, 고양시, 경기도, 10479, 대한민국"
삼송,일산선,37.6531,126.896,12.04069612785868,"삼송역주차장, 동송로, 삼송동, 삼송1동, 덕양구, 고양시, 경기도, 10590, 대한민국"
원흥,일산선,37.6507,126.873,13.166753147452672,"원흥1로, 삼송2동, 덕양구, 고양시, 경기도, 10560, 대한민국"
연천,경원선,38.1007,127.074,59.98384031170726,"275, 연천로, 차탄리, 연천읍, 연천군, 경기도, 11013, 대한민국"
전곡,경원선,38.0246,127.072,51.591526144722216,"전곡, 전곡역로93번길, 전곡리, 전곡읍, 연천군, 경기도, 11031, 대한민국"
초성리,경원선,37.9817,127.069,46.84349134006758,"청신로, 초성리, 청산면, 연천군, 경기도, 11023, 대한민국"
동두천,경원선,37.9279,127.055,40.73988851195368,"2687, 평화로, 동두천동, 동두천시, 경기도, 11307, 대한민국"
보산,경원선,37.9137,127.057,39.21443288037128,"중앙로361번길, 보산동, 동두천시, 경기도, 11311, 대한민국"
동두천중앙,경원선,37.9019,127.056,37.90781494117252,"228, 동두천로, 생연동, 동두천시, 경기도, 11330, 대한민국"
지행,경원선,37.8923,127.056,36.858456191701805,"2285, 평화로, 지행동, 동두천시, 경기도, 11350, 대한민국"
덕정,경원선,37.8432,127.061,31.60891295872708,"1356, 화합로, 덕정동, 양주시, 경기도, 11450, 대한민국"
덕계,경원선,37.8185,127.056,28.83594800135743,"317, 고덕로139번길, 회천신도시, 회천2동, 양주시, 경기도, 11444, 대한민국"
양주,경원선,37.7744,127.045,23.844137058658365,"주내역, 919, 평화로, 남방동, 양주시, 경기도, 11496, 대한민국"
녹양,경원선,37.7594,127.042,22.163289861591483,"체육로, 녹양동, 의정부시, 경기도, 11610, 대한민국"
가능,경원선,37.7486,127.044,21.051642542610605,"가능역, 633, 평화로, 의정부동, 의정부1동, 의정부시, 경기도, 11678, 대한민국"
의정부,경원선,37.7384,127.046,20.01557763688943,"525, 평화로, 의정부동, 의정부1동, 의정부시, 경기도, 11686, 대한민국"
회룡,경원선,37.7244,127.047,18.56420552651679,"회룡역, 363, 평화로, 호원2동, 의정부시, 경기도, 11637, 대한민국"
망월사,경원선,37.7099,127.047,17.048443964542876,"신한대학교, 95, 호암로, 호원동, 호원1동, 의정부시, 경기도, 11644, 대한민국"
도봉,경원선,37.6796,127.046,13.913073898492796,"도봉로152가길, 도봉2동, 도봉구, 서울, 01321, 대한민국"
인천,수인선,37.4764,126.617,33.39628027144491,"인천, 제물량로, 북성동2가, 북성동, 중구, 인천광역시, 22312, 대한민국"
신포,수인선,37.4687,126.624,33.08122885438828,"인천세관역사관, 191-9, 인중로, 사동, 신포동, 중구, 인천광역시, 22330, 대한민국"
숭의,수인선,37.4608,126.638,32.22943419393238,"숭의, 아암대로, 숭의1·3동, 미추홀구, 인천광역시, 22175, 대한민국"
인하대,수인선,37.4485,126.65,31.788731831475875,"소성로, 학익동, 용현1·4동, 미추홀구, 인천광역시, 22212, 대한민국"
송도,수인선,37.4285,126.658,32.15158209088267,"옥련지구대, 비류대로, 청학동, 옥련2동, 연수구, 인천광역시, 21954, 대한민국"
연수,수인선,37.4178,126.679,31.153525505494567,"2, 벚꽃로, 대동아파트, 연수2동, 연수구, 인천광역시, 21927, 대한민국"
원인재,수인선,37.413,126.687,30.850684365884998,"1, 경원대로287번길, 연수 시영1차아파트, 연수2동, 연수구, 인천광역시, 21929, 대한민국"
남동인더스파크,수인선,37.4077,126.695,30.602522380153655,"1, 은봉로60번길, 남동국가산업단지, 논현2동, 남동구, 인천광역시, 21696, 대한민국"
호구포,수인선,37.4016,126.709,30.01302050711016,"1, 논현로26번길, 논현2동, 남동구, 인천광역시, 21640, 대한민국"
인천논현,수인선,37.4006,126.722,29.183950696035872,"3, 청능대로, 논현2동, 남동구, 인천광역시, 21654, 대한민국"
소래포구,수인선,37.401,126.734,28.342702069752306,"2, 소래역로, 논현동, 논현1동, 남동구, 인천광역시, 21673, 대한민국"
월곶,수인선,37.3918,126.743,28.433910025815557,"4, 월곶중앙로14번길, 월곶동, 시흥시, 경기도, 14968, 대한민국"
달월,수인선,37.3797,126.745,29.246710701618,"2, 달월길, 월곶동, 시흥시, 경기도, 15005, 대한민국"
사리,수인선,37.29,126.857,32.56388748793877,"사리, 충장로, 이동, 상록구, 안산시, 경기도, 15564, 대한민국"
야목,수인선,37.2642,126.879,34.746462301628426,"본오매송로, 야목리, 화성시, 경기도, 18286, 대한민국"
어천,수인선,37.2501,126.909,35.71847355117478,"어천, 어천역길, 어천리, 화성시, 경기도, 18287, 대한민국"
오목천,수인선,37.243,126.964,36.00293769021327,"철길산책로, 오목천동, 권선구, 수원시, 경기도, 16641, 대한민국"
고색,수인선,37.2496,126.98,35.24754067114368,"철길산책로, 고색동, 권선구, 수원시, 경기도, 16650, 대한민국"
매교,분당선,37.2655,127.016,33.645176076712325,"효원로, 매교동, 팔달구, 수원시, 경기도, 16479, 대한민국"
수원시청,분당선,37.2619,127.031,34.19885407872334,"에스팝타워오피스텔, 269, 효원로, 인계동, 팔달구, 수원시, 경기도, 16490, 대한민국"
매탄권선,분당선,37.2528,127.041,35.32943713576778,"603, 권선로, 신동, 영통구, 수원시, 경기도, 16546, 대한민국"
망포,분당선,37.2458,127.057,36.342385052558214,"망포, 덕영대로, 영통구, 수원시, 경기도, 16698, 대한민국"
영통,분당선,37.2516,127.071,35.97099779393605,"매영로, 영통동, 영통구, 수원시, 경기도, 16701, 대한민국"
청명,분당선,37.2595,127.079,35.28772415469643,"봉영로, 영통동, 영통구, 수원시, 경기도, 16712, 대한민국"
상갈,분당선,37.2618,127.109,35.805219589642114,"금화로40번길, 금화마을4단지주공그린빌아파트, 기흥구, 용인시, 경기도, 17072, 대한민국"
기흥,분당선,37.2751,127.116,34.62078371372051,"구갈동, 기흥구, 용인시, 경기도, 17065, 대한민국"
신갈,분당선,37.2861,127.111,33.32018594036728,"기흥로, 구갈동, 기흥구, 용인시, 경기도, 16975, 대한민국"
구성,분당선,37.299,127.106,31.821938689520398,"구성, 용구대로2325번길, 기흥구, 용인시, 경기도, 16921, 대한민국"
죽전,분당선,37.3248,127.107,29.190796663560786,"주차동, 536, 포은대로, 신봉동, 수지구, 용인시, 경기도, 16896, 대한민국"
보정,분당선,37.3128,127.108,30.4576390305735,"용구대로, 보정동, 기흥구, 용인시, 경기도, 16903, 대한민국"
이매,분당선,37.3954,127.128,23.17417368313815,"이매, 성남대로, 이매동, 분당구, 성남시, 경기도, 13567, 대한민국"
오리,분당선,37.3398,127.109,27.73479330853777,"50, 성남대로, 분당구, 성남시, 경기도, 13637, 대한민국"
미금,분당선,37.3501,127.109,26.697354937511797,"미금역 사거리, 돌마로, 분당구, 성남시, 경기도, 13615, 대한민국"
정자,분당선,37.366,127.108,25.07384181599351,"성남대로, 분당구, 성남시, 경기도, 13558, 대한민국"
수내,분당선,37.3785,127.114,24.10426288078717,"롯데백화점 분당점, 45, 황새울로200번길, 수내동, 분당구, 성남시, 경기도, 13595, 대한민국"
서현,분당선,37.3851,127.124,23.932665546775215,"황새울로312번길, 분당구, 성남시, 경기도, 13591, 대한민국"
야탑,분당선,37.4112,127.129,21.807057365738803,"912, 성남대로, 분당구, 성남시, 경기도, 13506, 대한민국"
태평,분당선,37.44,127.128,19.30629088932703,"1236, 성남대로, 수진동, 수정구, 성남시, 경기도, 13311, 대한민국"
가천대,분당선,37.4486,127.127,18.557574320537878,"가천대역 2번출구, 성남대로, 수진동, 수정구, 성남시, 경기도, 13306, 대한민국"
수원,분당선,37.2659,126.999,33.48511046341554,"매산로1가, 권선구, 수원시, 경기도, 16622, 대한민국"
도화,경인선,37.4661,126.669,29.47126234923703,"2, 석정로302번길, 도화동, 도화2·3동, 미추홀구, 인천광역시, 22102, 대한민국"
중동,경인선,37.4866,126.765,20.798997846691275,"2, 중동고가교, 송내동, 소사구, 부천시, 경기도, 14626, 대한민국"
도원,경인선,37.4684,126.643,31.515225437140728,"4, 새천년로5번길, 숭의1·3동, 미추홀구, 인천광역시, 22103, 대한민국"
간석,경인선,37.4647,126.694,27.507634820202757,"3, 주안로213번길, 주안6동, 미추홀구, 인천광역시, 22143, 대한민국"
부개,경인선,37.4884,126.741,22.652412621113488,"3, 수변로19번길, 부개동, 부평구, 인천광역시, 21402, 대한민국"
소사,경인선,37.4828,126.795,18.65004451756927,"2, 소사로, 소사동, 소사구, 부천시, 경기도, 14651, 대한민국"
인천,경인선,37.4761,126.617,33.406373237750934,"1, 인중로, 북성동1가, 북성동, 중구, 인천광역시, 22312, 대한민국"
동인천,경인선,37.4753,126.633,32.09182636128824,"1, 화도진로35번길, 송현동, 동구, 인천광역시, 22549, 대한민국"
제물포,경인선,37.4668,126.657,30.424665811372837,"제물포, 숙골로43번길, 도화동, 도화2·3동, 미추홀구, 인천광역시, 22102, 대한민국"
주안,경인선,37.465,126.68,28.624112265332,"3, 주안로, 주안동, 주안1동, 미추홀구, 인천광역시, 22136, 대한민국"
동암,경인선,37.4714,126.703,26.47880544917024,"4, 예술로, 십정동, 부평구, 인천광역시, 21445, 대한민국"
백운,경인선,37.4837,126.708,25.54879294170333,"4, 마장로55번길, 부평동, 부평구, 인천광역시, 21405, 대한민국"
부평,경인선,37.4894,126.725,23.921172466507524,"3, 동수북로, 부평동, 부평구, 인천광역시, 21404, 대한민국"
송내,경인선,37.4876,126.754,21.634345250036613,"2, 송내대로, 소사구, 부천시, 경기도, 14598, 대한민국"
부천,경인선,37.4841,126.783,19.50541739098701,"이마트, 부천로2번길, 심곡본동, 소사구, 부천시, 경기도, 14644, 대한민국"
역곡,경인선,37.4852,126.812,17.22558018592261,"4, 경인로, 괴안동, 소사구, 부천시, 경기도, 14676, 대한민국"
수리산,안산선,37.3498,126.925,24.558611687992762,"수리동, 산본동, 경기도, 15869, 대한민국"
오이도,안산선,37.3624,126.739,31.00319807009993,"4, 역전로, 정왕본동, 시흥시, 경기도, 15018, 대한민국"
정왕,안산선,37.3517,126.743,31.65312609758563,"2, 마유로418번길, 정왕본동, 시흥시, 경기도, 15049, 대한민국"
신길온천,안산선,37.3382,126.766,31.556365855959804,"신길온천, 2, 황고개로, 신길동, 단원구, 안산시, 경기도, 15398, 대한민국"
안산,안산선,37.3271,126.789,31.434347447203766,"1, 중앙대로, 원곡동, 단원구, 안산시, 경기도, 15431, 대한민국"
초지,안산선,37.3206,126.806,31.293342179786375,"2, 중앙대로, 단원구, 안산시, 경기도, 15389, 대한민국"
고잔,안산선,37.3168,126.823,30.970884653575425,"2, 화정천동로, 단원구, 안산시, 경기도, 15485, 대한민국"
중앙,안산선,37.3159,126.839,30.463933433258287,"2, 중앙대로, 고잔동, 단원구, 안산시, 경기도, 15361, 대한민국"
한대앞,안산선,37.3097,126.853,30.628718349541078,"한대앞역 2번출구, 광덕4로, 이동, 상록구, 안산시, 경기도, 15494, 대한민국"
상록수,안산선,37.3028,126.866,30.95948784536642,"4, 석삼말로, 일동, 상록구, 안산시, 경기도, 15516, 대한민국"
반월,안산선,37.3122,126.904,29.035129550131906,"2, 건건8길, 건건동, 삼천리, 상록구, 안산시, 경기도, 15521, 대한민국"
대야미,안산선,37.3285,126.917,27.01960956695789,"1, 대야1로, 대야미동, 대야동, 군포시, 경기도, 15891, 대한민국"
산본,안산선,37.3581,126.933,23.523333032837535,"4, 번영로, 광정동, 산본동, 경기도, 15862, 대한민국"
광명,경부선,37.4162,126.884,18.67367709065736,"21, 광명역로, 일직동, 광명시, 경기도, 14347, 대한민국"
서동탄,경부선,37.1955,127.052,41.7748420504323,"2, 외삼미로15번길, 외삼미동, 오산시, 경기도, 18428, 대한민국"
당정,경부선,37.3443,126.948,24.860380213287495,"군포2동, 군포시, 경기도, 15877, 대한민국"
천안,경부선,36.81,127.147,85.44696430595111,"4, 대흥로, 대흥동, 동남구, 천안시, 충청남도, 31144, 대한민국"
두정,경부선,36.8337,127.149,82.8853120444772,"2, 두정역길, 두정동, 서북구, 천안시, 충청남도, 31103, 대한민국"
직산,경부선,36.8706,127.144,78.7702646192321,"2, 천안대로, 직산읍, 서북구, 천안시, 충청남도, 31050, 대한민국"
성환,경부선,36.9161,127.127,73.52023276444864,"3, 성환21길, 성환읍, 서북구, 천안시, 충청남도, 31014, 대한민국"
평택,경부선,36.9907,127.085,64.72897465515739,"8, 원평로, 평택동, 평택시, 경기도, 17919, 대한민국"
지제,경부선,37.0188,127.07,61.449903624770506,"평택지제, 평택지제역로, 지제동, 여염리, 평택시, 경기도, 17840, 대한민국"
서정리,경부선,37.0565,127.053,57.103379771190134,"2, 탄현로, 장당동, 송탄, 평택시, 경기도, 17783, 대한민국"
송탄,경부선,37.0757,127.054,54.99396910565707,"송탄역 주차장, 송탄공원로, 송탄, 평택시, 경기도, 17767, 대한민국"
진위,경부선,37.1094,127.062,51.373679911865224,"1, 경기대로, 하북리, 평택시, 경기도, 17707, 대한민국"
오산,경부선,37.1459,127.067,47.431933922246614,"오산역환승센터, 59, 역광장로, 오산동, 오산시, 경기도, 18137, 대한민국"
오산대,경부선,37.169,127.063,44.84010801157404,"2, 경기대로, 수청동, 오산시, 경기도, 18114, 대한민국"
세마,경부선,37.1875,127.043,42.539463730391574,"2, 독산성로, 세교동, 오산시, 경기도, 18105, 대한민국"
병점,경부선,37.2075,127.033,40.220920054844406,"1, 태안로, 병점동, 화성시, 경기도, 18372, 대한민국"
세류,경부선,37.245,127.013,35.89052111633386,"3, 정조로, 세류동, 권선구, 수원시, 경기도, 16659, 대한민국"
수원,경부선,37.2663,127.0,33.445665893005255,"2, 덕영대로, 매산로1가, 팔달구, 수원시, 경기도, 16622, 대한민국"
화서,경부선,37.2839,126.99,31.45044745814604,"1, 덕영대로, 화서동, 팔달구, 수원시, 경기도, 16432, 대한민국"
성균관대,경부선,37.3004,126.971,29.605307140699935,"1, 덕영대로, 율전동, 장안구, 수원시, 경기도, 16357, 대한민국"
의왕,경부선,37.3209,126.948,27.448798248146264,"66, 철도박물관로, 삼동, 부곡동, 의왕시, 경기도, 16081, 대한민국"
군포,경부선,37.3536,126.948,23.83246926773692,"군포역1길, 군포1동, 군포시, 경기도, 15855, 대한민국"
금정,경부선,37.3722,126.943,21.83681033018,"금정, 750, 군포로, 금정동, 군포시, 경기도, 15811, 대한민국"
명학,경부선,37.3847,126.935,20.580941508985227,"만안로, 안양동, 만안구, 안양시, 경기도, 13992, 대한민국"
안양,경부선,37.4016,126.923,18.98116524536863,"232, 만안로, 안양동, 만안구, 안양시, 경기도, 13992, 대한민국"
관악,경부선,37.4192,126.909,17.48886297847348,"2, 경수대로1273번길, 석수동, 만안구, 안양시, 경기도, 13960, 대한민국"
석수,경부선,37.435,126.902,16.102011119532627,"연현로, 만안구, 안양시, 경기도, 13906, 대한민국"
여주,경강선,37.2823,127.629,65.58927846397704,"여주역, 교동, 여주시, 경기도, 12644, 대한민국"
세종대왕릉,경강선,37.2953,127.571,60.412997913680286,"세종대왕면, 여주시, 경기도, 12641, 대한민국"
부발,경강선,37.2602,127.49,56.6022534582397,"부발, 신아로, 아미리, 이천시, 경기도, 17327, 대한민국"
이천,경강선,37.2656,127.442,52.89490473654042,"율현동, 이천시, 경기도, 17391, 대한민국"
신둔도예촌,경강선,37.3172,127.405,46.7840284994951,"원적로, 남정리, 이천시, 경기도, 17301, 대한민국"
곤지암,경강선,37.3513,127.347,40.40649308506197,"대석동길, 곤지암읍, 광주시, 경기도, 12801, 대한민국"
초월,경강선,37.3744,127.299,35.470834813483904,"경충대로, 초월읍, 광주시, 경기도, 12735, 대한민국"
경기광주,경강선,37.3999,127.253,30.51969690679051,"경기광주 역세권 공영주차장, 지하15, 역동로, 역동, 경안동, 광주시, 경기도, 12777, 대한민국"
삼동,경강선,37.4095,127.203,26.428898675483,"순암로, 중대동, 광남1동, 광주시, 경기도, 12768, 대한민국"
이매,경강선,37.3947,127.128,23.238185099914393,"이매로, 이매동, 분당구, 성남시, 경기도, 13567, 대한민국"
판교,경강선,37.3948,127.111,22.409427235177983,"판교, 판교역로146번길, 백현동, 분당구, 성남시, 경기도, 13529, 대한민국"
금정,과천선,37.3722,126.943,21.83681033018,"금정, 750, 군포로, 금정동, 군포시, 경기도, 15811, 대한민국"
범계,과천선,37.3898,126.951,19.803664310732863,"범계역광장, 범계동, 동안구, 안양시, 경기도, 14073, 대한민국"
평촌,과천선,37.3943,126.964,19.198211070789185,"54, 관평로182번길, 부림동, 동안구, 안양시, 경기도, 14066, 대한민국"
인덕원,과천선,37.4016,126.977,18.34583892351027,"인덕원, 529, 흥안대로, 관양2동, 동안구, 안양시, 경기도, 13951, 대한민국"
정부과천청사,과천선,37.4265,126.99,15.611498514426282,"정부과천청사, 100, 중앙로, 부림동, 과천시, 경기도, 13807, 대한민국"
과천,과천선,37.433,126.997,14.946268615058068,"중앙공원, 별양동, 과천시, 경기도, 13803, 대한민국"
대공원,과천선,37.4357,127.007,14.773810578144454,"막계동, 과천시, 경기도, 13828, 대한민국"
경마공원,과천선,37.4439,127.008,13.892868800300057,"경마공원대로, 과천동, 과천시, 경기도, 13821, 대한민국"
선바위,과천선,37.4517,127.002,12.945947794155641,"선바위, 경마공원대로, 과천동, 과천시, 경기도, 13815, 대한민국"
신창,장항선,36.7695,126.951,88.66471209473062,"2, 행목로, 행목리, 아산시, 충청남도, 31533, 대한민국"
온양온천,장항선,36.7805,127.003,87.43640012069605,"3, 온양온천역광장, 온천동, 아산시, 충청남도, 31513, 대한민국"
배방,장항선,36.7776,127.053,87.98120052548362,"4, 한내로, 구령리, 아산시, 충청남도, 31480, 대한민국"
탕정,장항선,36.7887,127.085,87.01293885733104,"탕정역, 곡교천로, 매곡리, 아산시, 충청남도, 31466, 대한민국"
아산,장항선,36.7921,127.104,86.83704835547084,"2, 아산역로, 장재리, 아산시, 충청남도, 31470, 대한민국"
쌍용,장항선,36.7938,127.121,86.85611203357696,"쌍용동, 쌍용2동, 서북구, 천안시, 충청남도, 31174, 대한민국"
봉명,장항선,36.8012,127.136,86.24741386963005,"2, 차돌로, 봉명동, 동남구, 천안시, 충청남도, 31151, 대한민국"
춘천,경춘선,37.8851,127.717,74.0020917382991,"평화로, 근화동, 춘천시, 강원특별자치도, 24244, 대한민국"
남춘천,경춘선,37.864,127.724,73.46586760025447,"3, 우묵길52번길, 온의동, 춘천시, 강원특별자치도, 24368, 대한민국"
김유정,경춘선,37.8185,127.714,70.54175408083225,"1, 김유정로, 증리, 춘천시, 강원특별자치도, 24412, 대한민국"
강촌,경춘선,37.8057,127.634,63.538263071254356,"3, 강촌로, 방곡리, 춘천시, 강원특별자치도, 24465, 대한민국"
백양리,경춘선,37.8308,127.589,61.245355607209355,"3, 북한강변길, 춘천시, 강원특별자치도, 24464, 대한민국"
굴봉산,경춘선,37.8321,127.558,58.93866505953536,"서백길, 서천리, 춘천시, 강원특별자치도, 24464, 대한민국"
가평,경춘선,37.8145,127.511,54.3855890103805,"가평역, 13-42, 문화로, 가평읍, 가평군, 경기도, 12421, 대한민국"
상천,경춘선,37.7702,127.455,47.684282849149334,"2, 상천역, 상천리, 가평군, 경기도, 12449, 대한민국"
청평,경춘선,37.7355,127.427,43.74829508426194,"4, 청평역로, 청평리, 가평군, 경기도, 12453, 대한민국"
대성리,경춘선,37.6841,127.379,37.63862154995552,"대성리역, 가평군, 경기도, 12457, 대한민국"
마석,경춘선,37.6528,127.312,30.926527760501024,"2, 경춘선 자전거길, 화도읍, 남양주시, 경기도, 12175, 대한민국"
천마산,경춘선,37.659,127.285,28.91154135306933,"37, 경춘선 자전거길, 화도읍, 남양주시, 경기도, 12168, 대한민국"
평내호평,경춘선,37.6532,127.244,25.31671005898141,"2, 늘을2로, 평내동, 남양주시, 경기도, 12150, 대한민국"
금곡,경춘선,37.6374,127.208,21.72168638039443,"1, 경춘선 자전거길, 금곡동, 남양주시, 경기도, 12238, 대한민국"
사릉,경춘선,37.6511,127.177,19.873896777449684,"2, 진건우회로, 진건읍, 남양주시, 경기도, 12140, 대한민국"
퇴계원,경춘선,37.6483,127.144,17.200748575828303,"4, 퇴계원로6번길, 퇴계원읍, 남양주시, 경기도, 12126, 대한민국"
별내,경춘선,37.642,127.127,15.560865950851063,"2, 순화궁로, 별내동, 퇴계원리, 남양주시, 경기도, 12113, 대한민국"
갈매,경춘선,37.6341,127.115,14.198550123207431,"2, 경춘북로, 갈매동, 신내1동, 중랑구, 구리시, 경기도, 11903, 대한민국"
운천,경의중앙선,37.8799,126.77,39.358483709705574,"운천, 통일로, 문산읍, 파주시, 경기도, 10808, 대한민국"
임진강,경의중앙선,37.8884,126.747,41.15788671001288,"자유로, 문산읍, 파주시, 경기도, 10818, 대한민국"
문산,경의중앙선,37.8546,126.788,36.133153922021776,"2, 통일로, 문산읍, 파주시, 경기도, 10824, 대한민국"
파주,경의중앙선,37.8153,126.793,32.10006050107283,"파주역, 38, 주라위길, 파주읍, 파주시, 경기도, 10838, 대한민국"
월롱,경의중앙선,37.7962,126.793,30.290601906702914,"1, 통일로, 위전리, 월롱면, 파주시, 경기도, 10946, 대한민국"
금촌,경의중앙선,37.7662,126.775,28.50577537335371,"금촌역, 193, 새꽃로, 아동동, 금촌1동, 파주시, 경기도, 10930, 대한민국"
금릉,경의중앙선,37.7513,126.765,27.82277196081082,"4, 금릉역로, 금촌2동, 파주시, 경기도, 10915, 대한민국"
운정,경의중앙선,37.7258,126.767,25.675088071869446,"4, 운정역길, 운정3동, 파주시, 경기도, 10910, 대한민국"
야당,경의중앙선,37.7123,126.761,25.06598542964425,"2, 송학1길, 야당동, 운정3동, 파주시, 경기도, 10909, 대한민국"
탄현,경의중앙선,37.694,126.761,23.80322336993039,"856, 경의로, 덕이동, 일산서구, 고양시, 경기도, 10232, 대한민국"
일산,경의중앙선,37.6821,126.77,22.38776871873646,"2, 경의로, 대화동, 일산3동, 일산서구, 고양시, 경기도, 10373, 대한민국"
풍산,경의중앙선,37.6723,126.786,20.609527432117705,"486, 경의로, 정발산동, 일산동구, 고양시, 경기도, 10406, 대한민국"
백마,경의중앙선,37.6582,126.794,19.158323308717446,"백마역 1번출구, 백마역지하보도, 일산신도시, 마두1동, 일산동구, 고양시, 경기도, 10417, 대한민국"
곡산,경의중앙선,37.6457,126.802,17.841643442832392,"곡산역, 160, 경의로, 백석1동, 일산동구, 고양시, 경기도, 10418, 대한민국"
능곡,경의중앙선,37.6188,126.821,15.018489198460447,"1, 토당로42번길, 행주동, 덕양구, 고양시, 경기도, 10510, 대한민국"
행신,경의중앙선,37.6121,126.834,13.67684689105584,"3, 소원로, 행신2동, 덕양구, 고양시, 경기도, 10523, 대한민국"
강매,경의중앙선,37.6123,126.843,12.952160958231854,"3, 강매교, 강매동, 행신2동, 덕양구, 고양시, 경기도, 10531, 대한민국"
화전,경의중앙선,37.6029,126.868,10.516911836102594,"4, 화전지하차도, 대덕동, 덕양구, 고양시, 경기도, 10540, 대한민국"
지평,중앙선,37.4764,127.63,58.3509831917452,"1, 지평의병로, 지평리, 양평군, 경기도, 12541, 대한민국"
용문,중앙선,37.4822,127.595,55.197401716183265,"용문, 어수길, 다문리, 양평군, 경기도, 12520, 대한민국"
원덕,중앙선,37.4687,127.547,51.332737382039326,"3, 원덕흑천길, 원덕리, 양평군, 경기도, 12566, 대한민국"
오빈,중앙선,37.5061,127.474,44.23063127033378,"2, 남한강 자전거길, 오빈리, 양평군, 경기도, 12546, 대한민국"
아신,중앙선,37.5138,127.443,41.39898391674043,"4, 예솔마을길, 옥천면, 양평군, 경기도, 12508, 대한민국"
국수,중앙선,37.5162,127.399,37.5213886797344,"1, 국수길, 국수리, 양평군, 경기도, 12580, 대한민국"
신원,중앙선,37.5255,127.373,35.10475192281472,"3, 남한강 자전거길, 양서면, 양평군, 경기도, 12583, 대한민국"
양수,중앙선,37.546,127.329,31.007421653596204,"3, 양수역 주차장, 용담리, 양평군, 경기도, 12584, 대한민국"
운길산,중앙선,37.5547,127.31,29.276102012145376,"4, 운길산로, 조안면, 남양주시, 경기도, 12281, 대한민국"
팔당,중앙선,37.5474,127.244,23.526741371395655,"팔당, 팔당로, 와부읍, 남양주시, 경기도, 13023, 대한민국"
도심,중앙선,37.5796,127.223,21.622505175390337,"1, 덕소로, 와부읍, 남양주시, 경기도, 12269, 대한민국"
덕소,중앙선,37.5868,127.209,20.463041454674254,"3, 덕소로2번길, 와부읍, 남양주시, 경기도, 12214, 대한민국"
양정,중앙선,37.6053,127.194,19.496170572534346,"이패동, 양정동, 남양주시, 경기도, 12242, 대한민국"
도농,중앙선,37.6088,127.161,16.776844126047433,"도농, 경춘로, 지금동, 다산2동, 남양주시, 경기도, 12258, 대한민국"
구리,중앙선,37.6034,127.144,15.172069099474879,"2, 34, 구리시, 경기도, 11922, 대한민국"
개포동,분당선,37.4891,127.066,11.583473396261772,"개포로, 개포동, 개포2동, 강남구, 서울, 06329, 대한민국"
별내별가람,진접선,37.6678,127.116,16.552017288534802,"덕송2로, 별내동, 남양주시, 경기도, 12091, 대한민국"
오남,진접선,37.705,127.193,24.385024991295037,"921, 진건오남로, 오남읍, 남양주시, 경기도, 12036, 대한민국"
진접,진접선,37.7205,127.203,26.16595787789838,"지안빌딩, 221, 해밀예당1로, 진접읍, 남양주시, 경기도, 12054, 대한민국"
