역명,호선,위도,경도,시청과의거리
창동,1호선,37.653181,127.047663,11.408497678776548
월계,1호선,37.633114,127.058835,10.256009386286152
외대앞,1호선,37.596157,127.063572,8.209979362637014
대방,1호선,37.513392,126.926407,7.47272689070515
신길,1호선,37.517018,126.917743,7.667730941441291
구일,1호선,37.496273,126.869599,12.362885075703163
온수,1호선,37.492267,126.823399,15.957474851877166
소요산,1호선,37.5653,127.0339,4.911087940723056
도봉산,1호선,37.689603,127.046347,14.937447033102469
방학,1호선,37.66796,127.04456,12.697455658519196
녹천,1호선,37.644599,127.051406,10.809027382052141
석계,1호선,37.615206,127.065594,9.408387288713788
신이문,1호선,37.60274474,127.067556,8.840679014209432
회기,1호선,37.589802,127.057936,7.485616004150959
남영,1호선,37.540597,126.971171,2.955504596998498
용산,1호선,37.52989,126.964775,4.248593290831419
노량진,1호선,37.514072,126.941671,6.668698623846725
영등포,1호선,37.515756,126.907411,8.420396952231497
신도림,1호선,37.508983,126.891513,9.972537836049478
개봉,1호선,37.494698,126.858504,13.240413468788464
오류동,1호선,37.4944,126.844551,14.259305044032397
구로,1호선,37.502211,126.881818,11.111715365547159
가산디지털단지,1호선,37.481568,126.882628,12.66535100027789
독산,1호선,37.465994,126.889508,13.649364812952209
금천구청,1호선,37.45576,126.894344,14.372657781479946
서울역,1호선,37.55315,126.972533,1.5753246068923186
시청,1호선,37.56359,126.975407,0.4143465965989555
종각,1호선,37.570203,126.983116,0.5909978014895144
종로3가,1호선,37.570429,126.992095,1.296779306296167
종로5가,1호선,37.570971,127.0019,2.1446660439937175
동대문,1호선,37.565145,127.00789,2.621410876988106
신설동,1호선,37.576117,127.02471,4.233537521722624
제기동,1호선,37.578116,127.034902,5.158772425624855
청량리(서울시립대입구),1호선,37.580148,127.045063,6.082256951752152
동묘앞,1호선,37.573265,127.016459,3.452443703307673
시청,2호선,37.563534,126.975271,0.4265244480517202
을지로입구,2호선,37.565998,126.982569,0.3902418954937944
을지로3가,2호선,37.566292,126.991773,1.1964120563668459
을지로4가,2호선,37.566611,126.998122,1.755557599150656
동대문역사문화공원(DDP),2호선,37.565609,127.009083,2.7238201983081067
신당,2호선,37.565681,127.019488,3.640128202049165
상왕십리,2호선,37.564504,127.028872,4.471860873208324
왕십리(성동구청),2호선,37.561159,127.035505,5.086523407654194
한양대,2호선,37.55658,127.043504,5.862363380448036
뚝섬,2호선,37.54718,127.047413,6.471114436949395
성수,2호선,37.544628,127.055983,7.27807227999226
건대입구,2호선,37.540408,127.069231,8.536003653998877
구의(광진구청),2호선,37.536857,127.085024,9.980165127607712
강변(동서울터미널),2호선,37.535161,127.094684,10.8467556533417
잠실나루,2호선,37.520688,127.103836,12.195612044500637
잠실(송파구청),2호선,37.513305,127.100129,12.274547110801317
잠실새내,2호선,37.520731,127.103738,12.18576099769279
종합운동장,2호선,37.511008,127.073641,10.440311480029333
삼성(무역센터),2호선,37.508827,127.063203,9.869965894323528
선릉,2호선,37.504257,127.048174,9.278860254032153
역삼,2호선,37.500658,127.03643,8.949885320884862
강남,2호선,37.497958,127.027539,8.783927657306739
"교대(법원, 검찰청)",2호선,37.493957,127.014631,8.691268495456143
서초,2호선,37.49191,127.007945,8.707839581620123
방배,2호선,37.481469,126.997627,9.61824524884133
사당,2호선,37.476536,126.981631,10.017577671480737
낙성대(강감찬),2호선,37.47693,126.963783,10.050000734835862
서울대입구(관악구청),2호선,37.481233,126.952745,9.752684350026053
봉천,2호선,37.482416,126.941896,9.89174803391042
신림,2호선,37.484216,126.929573,10.113362224574548
신대방,2호선,37.487534,126.913279,10.490274732396678
구로디지털단지,2호선,37.485005,126.902626,11.256554386714484
대림(구로구청),2호선,37.492426,126.895293,11.020569997875965
신도림,2호선,37.508815,126.891222,10.004209200346551
문래,2호선,37.517993,126.894766,9.12754614448941
영등포구청,2호선,37.525766,126.896627,8.504493806588624
당산,2호선,37.533877,126.902011,7.638414169655373
합정,2호선,37.550025,126.914557,5.904802642483086
홍대입구,2호선,37.556748,126.923643,4.932037655818563
신촌(지하),2호선,37.555153,126.93689,3.857100724311369
이대,2호선,37.556734,126.945897,3.0510683422654687
아현,2호선,37.557407,126.956079,2.2010615428982736
충정로(경기대입구),2호선,37.559742,126.964455,1.4309369868443476
용답,2호선,37.566412,126.977863,0.03567541364724834
신답,2호선,37.56147,127.056348,6.911174463781098
신설동,2호선,37.574653,127.025158,4.234361447528835
도림천,2호선,37.514759,126.882586,10.211932081871588
양천구청,2호선,37.512194,126.865193,11.656073379946934
신정네거리,2호선,37.520218,126.852849,12.195437558872928
용두(동대문구청),2호선,37.574012,127.03811,5.343961282492837
지축,3호선,37.648281,126.912551,10.76891244882582
구파발,3호선,37.636612,126.918827,9.3805248631548
연신내,3호선,37.618855,126.920859,7.701225658086323
불광,3호선,37.610554,126.929843,6.485459658308227
녹번,3호선,37.600882,126.935758,5.3416548327502
홍제,3호선,37.588851,126.944092,3.8944248206195886
무악재,3호선,37.582658,126.950131,3.0520420768892547
독립문,3호선,37.574534,126.957902,1.9956773543089652
경복궁(정부서울청사),3호선,37.575844,126.973576,1.107389554854161
안국,3호선,37.576562,126.98547,1.2809468439075185
종로3가,3호선,37.571537,126.991237,1.273839942613808
을지로3가,3호선,37.566299,126.992616,1.2706670114062901
충무로,3호선,37.561302,126.995473,1.6315595679303143
동대입구,3호선,37.55816,127.005273,2.563296538646851
약수,3호선,37.554674,127.010628,3.1500129982281972
금호,3호선,37.548269,127.015785,3.888738802198376
옥수,3호선,37.541653,127.017303,4.423304253403185
압구정,3호선,37.526169,127.028502,6.3135223552730775
신사,3호선,37.516438,127.020247,6.695807033388564
잠원,3호선,37.512989,127.011613,6.647870123678597
고속터미널,3호선,37.504953,127.004916,7.246639918693456
교대(법원·검찰청),3호선,37.49306,127.013796,8.7573746377045
남부터미널(예술의전당),3호선,37.48494,127.016289,9.679874597675491
양재(서초구청),3호선,37.48466,127.03513,10.401335820968235
매봉,3호선,37.487114,127.046907,10.714274670956536
도곡,3호선,37.491129,127.055694,10.820906600799502
대치,3호선,37.494601,127.063449,10.980601847611664
학여울,3호선,37.496757,127.070541,11.250971638263195
대청,3호선,37.493607,127.079526,12.069777585541784
일원,3호선,37.48389,127.08416,13.109659644237228
수서,3호선,37.487507,127.101324,13.971423859359636
가락시장,3호선,37.492368,127.118101,14.842256805575726
경찰병원,3호선,37.495754,127.124198,15.09194708755193
오금,3호선,37.502288,127.128344,15.04598072251431
남태령,4호선,37.464339,126.989081,11.409667363366875
사당,4호선,37.476563,126.981746,10.014887996773524
총신대입구(이수),4호선,37.487521,126.982309,8.798989335949209
동작(현충원),4호선,37.503567,126.980171,7.009449258834723
이촌(국립중앙박물관),4호선,37.522525,126.97335,4.917919944044549
신용산,4호선,37.52919,126.96858,4.24382701186121
삼각지,4호선,37.535057,126.973354,3.5317437464410015
숙대입구(갈월),4호선,37.545124,126.971952,2.449177275142251
서울역,4호선,37.553172,126.972836,1.564722645342368
회현(남대문시장),4호선,37.559698,126.979565,0.775153215616271
명동,4호선,37.561055,126.988271,1.0795814142362432
충무로,4호선,37.561302,126.995473,1.6315595679303143
동대문역사문화공원,4호선,37.565141,127.008458,2.671408921063627
동대문,4호선,37.57099,127.008835,2.7437733521806655
혜화,4호선,37.582116,127.001759,2.700322561720964
한성대입구(삼선교),4호선,37.58838,127.006751,3.4931636601700276
성신여대입구(돈암),4호선,37.592782,127.017338,4.514234109101464
길음,4호선,37.604087,127.025353,5.886411584829988
미아사거리,4호선,37.613276,127.030083,6.91735536530185
미아,4호선,37.626435,127.026151,7.882499146567878
수유(강북구청),4호선,37.637127,127.024731,8.85029962152765
쌍문,4호선,37.648274,127.034381,10.34394971438307
창동,4호선,37.652993,127.046746,11.347680130675357
노원,4호선,37.656274,127.063183,12.469615553967767
상계,4호선,37.660576,127.073199,13.388203360875824
당고개,4호선,37.66956,127.078404,14.456707796622931
방화,5호선,37.577669,126.812822,14.627393502173407
개화산,5호선,37.572458,126.806838,15.117397835163475
김포공항,5호선,37.56217,126.801273,15.602558794839057
송정,5호선,37.561411,126.812052,14.656134557961778
마곡,5호선,37.562182,126.82693,13.342388626161535
발산,5호선,37.562182,126.82693,13.342388626161535
우장산,5호선,37.548864,126.83633,12.660284661238169
화곡,5호선,37.541585,126.840436,12.45874451754989
까치산,5호선,37.53181,126.846706,12.220588467714569
신정(은행정),5호선,37.525001,126.856176,11.709923182529772
목동,5호선,37.526088,126.864296,11.00576057072866
오목교(목동운동장앞),5호선,37.524557,126.875049,10.224915016850796
양평,5호선,37.525614,126.886177,9.304891173497362
영등포구청,5호선,37.524209,126.895022,8.71691010465044
영등포시장,5호선,37.52276,126.905143,8.077027776384735
신길,5호선,37.51763,126.914886,7.797263556506406
여의도,5호선,37.521578,126.924318,6.900444437463987
여의나루,5호선,37.527145,126.932807,5.937258755932503
마포,5호선,37.539718,126.946043,4.118607814100182
공덕,5호선,37.544005,126.951058,3.468470580058169
애오개,5호선,37.553592,126.956733,2.380998840138948
충정로(경기대입구),5호선,37.560061,126.962783,1.5407008435774305
서대문,5호선,37.565812,126.966639,1.0229252437711929
광화문(세종문화회관),5호선,37.570545,126.976568,0.46332355008424686
종로3가(탑골공원),5호선,37.572546,126.990447,1.2663670450883031
을지로4가,5호선,37.56658,126.998127,1.7559963850967757
동대문역사문화공원,5호선,37.564682,127.00533,2.400233354435567
청구,5호선,37.560237,127.01379,3.2150847844432517
신금호,5호선,37.554504,127.020403,3.9548105071267017
행당,5호선,37.557297,127.029482,4.636348759423902
왕십리,5호선,37.56197,127.037264,5.230858187762067
마장,5호선,37.566066,127.042921,5.704373383884955
답십리,5호선,37.566833,127.05266,6.562486921774876
장한평,5호선,37.561438,127.064601,7.636638999425573
군자(능동),5호선,37.557102,127.079559,8.995854704024502
아차산(어린이대공원후문),5호선,37.552005,127.089609,9.952950164697576
광나루(장신대),5호선,37.545301,127.103478,11.293787903480494
천호(풍납토성),5호선,37.538566,127.123539,13.18537824246041
강동,5호선,37.53581,127.13249,14.025205059487053
길동,5호선,37.538022,127.140085,14.61982267591581
굽은다리(강동구민회관앞),5호선,37.545442,127.142844,14.702346930032258
명일,5호선,37.551317,127.144002,14.712940667643421
고덕,5호선,37.555002,127.154214,15.567808355307463
상일동,5호선,37.556714,127.166381,16.62298504332682
둔촌동,5호선,37.527787,127.136219,14.583531746013664
올림픽공원(한국체대),5호선,37.516217,127.130957,14.586066472366799
방이,5호선,37.508752,127.126054,14.536165427757627
오금,5호선,37.502228,127.127701,14.999304127664914
개롱,5호선,37.498097,127.134817,15.770583255698329
거여,5호선,37.493208,127.143983,16.741502041880786
마천,5호선,37.494972,127.152784,17.33213705037221
강일,5호선,37.557521,127.176018,17.465163204284575
응암,6호선,37.59859,126.915583,6.566157254496671
역촌,6호선,37.60605,126.922764,6.56666851272266
불광,6호선,37.610919,126.929504,6.535676045985063
독바위,6호선,37.618413,126.933035,7.003597444035783
연신내,6호선,37.617293,127.091375,11.455106449919
구산,6호선,37.618596,126.920519,7.699261577760217
새절(신사),6호선,37.611223,126.917246,7.313360186755307
증산(명지대앞),6호선,37.591148,126.913613,6.3133599532504805
디지털미디어시티,6호선,37.583989,126.909785,6.332558538357231
월드컵경기장(성산),6호선,37.577005,126.898643,7.106942430328272
마포구청,6호선,37.569439,126.899077,6.98118117680485
망원,6호선,37.563535,126.903326,6.6084429096869295
합정,6호선,37.556031,126.910129,6.1141055308023615
상수,6호선,37.549033,126.913546,6.024402935407513
광흥창(서강),6호선,37.547704,126.92292,5.306247508190844
대흥(서강대앞),6호선,37.547464,126.931971,4.596684239850313
공덕,6호선,37.547732,126.942214,3.8025522086368673
효창공원앞,6호선,37.543592,126.951664,3.465577697578985
삼각지,6호선,37.539279,126.961348,3.380396387512021
녹사평(용산구청),6호선,37.535563,126.973996,3.4693925291267824
이태원,6호선,37.53469,126.98665,3.623897800046115
한강진,6호선,37.534485,126.994369,3.843341861047116
버티고개,6호선,37.53956,127.001729,3.6511933561458076
약수,6호선,37.547933,127.006948,3.2743873048261607
청구,6호선,37.554087,127.010237,3.147060156052124
신당,6호선,37.560221,127.013776,3.214272468431451
동묘앞,6호선,37.566174,127.016158,3.345538773911669
창신,6호선,37.572275,127.015666,3.361799669355977
보문,6호선,37.579772,127.015246,3.5787359436562913
안암(고대병원앞),6호선,37.585293,127.019377,4.182487092437602
고려대(종암),6호선,37.586261,127.02903,4.984922380646911
월곡(동덕여대),6호선,37.59034,127.03626,5.7577945771304675
상월곡(한국과학기술연구원),6호선,37.60192,127.041492,6.821886570127844
돌곶이,6호선,37.606392,127.048509,7.613768049863509
석계,6호선,37.610522,127.056419,8.447753387556588
태릉입구,6호선,37.614937,127.065922,9.414952111733276
화랑대(서울여대입구),6호선,37.617319,127.074741,10.206480446189468
봉화산(서울의료원),6호선,37.619875,127.084106,11.053248371089332
신내,6호선,37.612571,127.104326,12.232755411273677
장암,7호선,37.70015,127.053126,16.251242295945474
도봉산,7호선,37.689131,127.046548,14.896550452628366
수락산,7호선,37.677804,127.055314,14.109005045649164
마들,7호선,37.664985,127.057701,12.99029830949718
노원,7호선,37.654478,127.060555,12.171161201615101
중계,7호선,37.645052,127.064084,11.54826125101845
하계,7호선,37.636363,127.067999,11.08062958984422
공릉(서울과학기술대),7호선,37.625642,127.072969,10.622205992305357
태릉입구,7호선,37.617319,127.074741,10.206480446189468
먹골,7호선,37.610638,127.077719,10.043982627738911
중화,7호선,37.602604,127.079254,9.763524678495395
상봉(시외버스터미널),7호선,37.595673,127.085708,10.01032060960733
면목,7호선,37.588671,127.087503,9.940162644518463
사가정,7호선,37.580912,127.088502,9.850234423693333
용마산,7호선,37.573752,127.086802,9.60431539720477
중곡,7호선,37.565877,127.084291,9.350716962123654
군자(능동),7호선,37.557151,127.079484,8.988649100067333
어린이대공원(세종대),7호선,37.547962,127.07465,8.75022665785276
건대입구,7호선,37.540882,127.071103,8.673784666770779
뚝섬유원지,7호선,37.531558,127.066714,8.721015087669883
청담,7호선,37.519097,127.051851,8.36927588531349
강남구청,7호선,37.517185,127.04122,7.812968691254478
학동,7호선,37.514262,127.031738,7.4919283988581045
논현,7호선,37.511108,127.021385,7.249112580918552
반포,7호선,37.508171,127.011717,7.135926961166786
고속터미널,7호선,37.503387,127.005055,7.415445120674741
내방,7호선,37.48764,126.993541,8.881888986058808
총신대입구(이수),7호선,37.485258,126.981766,9.048627940069604
남성,7호선,37.484688,126.971108,9.128028597342261
숭실대입구(살피재),7호선,37.496258,126.953649,8.11425210646558
상도,7호선,37.50279,126.947949,7.578751178681777
장승배기,7호선,37.504845,126.939025,7.685378349943089
신대방삼거리,7호선,37.499717,126.928218,8.643639125036106
보라매,7호선,37.499916,126.920112,9.010862344665531
신풍,7호선,37.500107,126.909806,9.5402833202074
대림(구로구청),7호선,37.492984,126.896997,10.874672688214183
남구로,7호선,37.486181,126.887372,12.003938584191959
가산디지털단지,7호선,37.480376,126.882704,12.760207391678826
철산,7호선,37.47616,126.868217,13.97097125652394
광명사거리,7호선,37.47927,126.854854,14.58081433873054
천왕,7호선,37.486699,126.838684,15.175167457186307
온수(성공회대입구),7호선,37.492059,126.823294,15.977396459374246
암사,8호선,37.550127,127.127521,13.288628520601584
천호(풍납토성),8호선,37.53792,127.123179,13.171794984991736
강동구청,8호선,37.530348,127.120461,13.172752823791074
몽촌토성(평화의문),8호선,37.517692,127.11274,13.048246935646645
잠실(송파구청),8호선,37.514649,127.104267,12.525622815546187
석촌,8호선,37.505396,127.106995,13.23836173568498
송파,8호선,37.49978,127.11212,13.950630858379883
가락시장,8호선,37.493004,127.118279,14.81609141488831
문정,8호선,37.485931,127.122473,15.565778202586499
장지,8호선,37.478609,127.126229,16.313010725381496
복정,8호선,37.471016,127.126746,16.868785841026664
산성,8호선,37.456886,127.149927,19.4475728509021
남한산성입구(성남법원·검찰청),8호선,37.451568,127.159845,20.500434125705194
단대오거리,8호선,37.445057,127.156735,20.75131962274335
신흥,8호선,37.440952,127.14759,20.455255359161473
수진,8호선,37.437575,127.140936,20.294406330837564
모란,8호선,37.433888,127.129921,19.9210647057845
남위례,8호선,37.462839,127.139047,18.284738953272846
중앙보훈병원,9호선,37.529191,127.148739,15.598841117341102
둔촌오륜,9호선,37.519683,127.137989,15.021990629473015
올림픽공원,9호선,37.516269,127.130288,14.529389407319462
한성백제,9호선,37.516404,127.116503,13.409621160297837
송파나루,9호선,37.510372,127.112216,13.367476219263995
석촌,9호선,37.505208,127.10704,13.252531290034245
석촌고분,9호선,37.502558,127.097033,12.66781653088758
삼전,9호선,37.504738,127.088025,11.877032561840867
종합운동장,9호선,37.511426,127.076275,10.60140830711709
봉은사,9호선,37.514219,127.060245,9.285971326394469
삼성중앙,9호선,37.513011,127.053282,8.905480667178974
선정릉,9호선,37.510297,127.043999,8.534005150963695
언주,9호선,37.507287,127.033868,8.219837704668102
신논현,9호선,37.504598,127.02506,8.036068824574695
사평,9호선,37.504206,127.015259,7.667275282362344
고속터미널,9호선,37.50598,127.004403,7.123937903296448
신반포,9호선,37.503415,126.995925,7.195908236366291
구반포,9호선,37.501364,126.987332,7.296794579609581
동작,9호선,37.502878,126.978153,7.0839175121434215
흑석,9호선,37.50877,126.963708,6.554578812485661
노들,9호선,37.512887,126.953222,6.3642804159981905
노량진,9호선,37.513534,126.941005,6.749486616297686
샛강,9호선,37.517274,126.928422,7.0234919897955645
여의도,9호선,37.52176,126.92403,6.903320476446403
국회의사당,9호선,37.528105,126.917874,6.826204572445201
당산,9호선,37.533406,126.902809,7.601922465588194
선유도,9호선,37.53802,126.893525,8.112533292523867
신목동,9호선,37.544277,126.88308,8.744507414244705
염창,9호선,37.546936,126.874916,9.363291591436901
등촌,9호선,37.550632,126.865689,10.07531058735633
증미,9호선,37.557402,126.861939,10.29875495331253
가양,9호선,37.561391,126.854456,10.922576172924161
양천향교,9호선,37.568381,126.841333,12.065060788444438
마곡나루,9호선,37.566778,126.82731,13.299516041861153
신방화,9호선,37.567532,126.816601,14.243686928661399
공항시장,9호선,37.563726,126.810678,14.769136501157272
김포공항,9호선,37.561916,126.802152,15.526066776184908
개화,9호선,37.578608,126.798153,15.924298302604932
북한산우이(도선사입구),우이신설선,37.66284,127.01272,11.126488035043364
솔밭공원,우이신설선,37.65607,127.01326,10.418417650465484
4.19민주묘지(덕성여대),우이신설선,37.64954,127.01371,9.740021088469094
가오리,우이신설선,37.64162,127.01681,9.01003731917918
화계,우이신설선,37.63428,127.0175,8.285273782536247
삼양,우이신설선,37.62706,127.01817,7.590608872408362
삼양사거리,우이신설선,37.62144,127.02049,7.147418735284216
솔샘,우이신설선,37.62037,127.01357,6.74367562559303
북한산보국문(서경대),우이신설선,37.61233,127.00816,5.730655661135156
정릉(국민대입구),우이신설선,37.60278,127.01345,5.083705460385896
성신여대입구,우이신설선,37.59287,127.01656,4.468470595847355
보문,우이신설선,37.58551,127.01939,4.19552694251333
신설동,우이신설선,37.57579,127.02361,4.130598804034558
양원(서울시북부병원),경의중앙,37.6066,127.108,12.271968618983971
상봉,경의중앙,37.595254,127.085853,10.007500357124501
중랑,경의중앙,37.594948,127.076152,9.189481720503021
회기,경의중앙,37.589802,127.057936,7.485616004150959
청량리,경의중앙,37.580543,127.046516,6.217195887504068
왕십리,경의중앙,37.561128,127.035505,5.086934485903537
응봉,경의중앙,37.550433,127.034824,5.304270895343854
한남,경의중앙,37.529361,127.008984,4.949346320104373
망우,경의중앙,37.599295,127.092336,10.694691489981299
서빙고,경의중앙,37.51961,126.988358,5.299565103590257
이촌,경의중앙,37.522476,126.973816,4.9199470915408865
서울역,경의중앙,37.556964,126.971276,1.2318272500935
효창공원앞,경의중앙,37.539289,126.961339,3.3797465409730516
공덕,경의중앙,37.542611,126.952134,3.5196363125250123
신촌,경의중앙,37.559768,126.942308,3.25347680343649
서강대,경의중앙,37.552132,126.935389,4.1019264150838834
홍대입구,경의중앙,37.55808,126.925533,4.737924066697867
가좌,경의중앙,37.568611,126.914841,5.589152652462933
수색,경의중앙,37.580855,126.895681,7.4438025922033795
디지털미디어시티,경의중앙,37.577475,126.900453,6.958488784866354
옥수,경의중앙,37.540446,127.018672,4.601572964647242
용산,경의중앙,37.529849,126.964561,4.258262270520969
샛강,신림,37.51715099617103,126.92949511440423,6.97553261780645
대방(성애병원),신림,37.51302197258486,126.92554017518772,7.552092251724874
서울지방병무청,신림,37.506028336724505,126.92267441513674,8.325553349872528
보라매,신림,37.49986380893415,126.92019280587613,9.011591990054097
보라매공원,신림,37.49521329003488,126.91825273797332,9.535742462996318
보라매병원(전문건설회관),신림,37.49280216609114,126.92359268240538,9.51323275469339
당곡,신림,37.49017371989295,126.9275529771196,9.599056286334841
신림,신림,37.48491306754554,126.92959326054164,10.042448255631403
서원,신림,37.47821158950264,126.93308169642698,10.6018477918761
서울대벤처타운,신림,37.47194107329665,126.9339916655252,11.223088073045348
관악산(서울대),신림,37.468991450151215,126.94511767812192,11.237417358349264
서울역,공항철도,37.5490645,126.9704658,2.0641591948399474
공덕,공항철도,37.5427105,126.9516296,3.540524092841943
홍대입구,공항철도,37.5578854,126.9265227,4.656929330036511
디지털미디어시티,공항철도,37.5783645,126.8972464,7.254110563581183
마곡나루,공항철도,37.5653322,126.827608,13.274093503304353
김포공항,공항철도,37.5667733,126.8025118,15.485179985085376
청량리,경춘,37.580113,127.045043,6.079586646498601
회기,경춘,37.589774,127.057989,7.488928911909904
중랑,경춘,37.594944,127.076152,9.189329299977663
신내,경춘,37.612855,127.103277,12.162157207323062
망우,경춘,37.59955,127.091909,10.669007656362586
상봉,경춘,37.596678,127.08504,9.991440287751521
광운대,경춘,37.623632,127.061835,9.722628530295843
청량리,수인분당,37.580113,127.045043,6.079586646498601
압구정로데오,수인분당,37.527385,127.040555,7.015436094450246
선정릉(한국과학창의재단),수인분당,37.510275,127.043817,8.524901843602063
선릉,수인분당,37.504479,127.048941,9.305624972605926
복정(동서울대학),수인분당,37.469753,127.126627,16.949587782243846
왕십리,수인분당,37.561128,127.035505,5.086934485903537
서울숲,수인분당,37.543647,127.044686,6.391507036119552
강남구청,수인분당,37.517172,127.041275,7.817434092320228
한티,수인분당,37.496208,127.052883,10.227643820533071
도곡,수인분당,37.490914,127.055393,10.822746912516596
대모산입구,수인분당,37.491422,127.07274,11.804608155756872
수서,수인분당,37.487472,127.101422,13.980591317474119
구룡,수인분당,37.486839,127.058856,11.36731242889865
미사,5호선,37.5609,127.194,19.031125776331514
고촌,김포골드라인,37.6012,126.77,18.74585708848299
풍무,김포골드라인,37.6125,126.732,22.285971934223802
사우,김포골드라인,37.6203,126.72,23.52043170337834
걸포북변,김포골드라인,37.6316,126.706,25.047070028524505
운양,김포골드라인,37.6539,126.684,27.67438943670608
장기,김포골드라인,37.644,126.669,28.566347974169073
마산,김포골드라인,37.6407,126.644,30.573145174198455
구래,김포골드라인,37.6454,126.629,31.98592362558858
양촌,김포골드라인,37.6424,126.614,33.172985924226985
원시,서해선,37.3024,126.787,33.88158504562035
원곡,서해선,37.3132,126.796,32.44397647158335
초지,서해선,37.3196,126.808,31.30549648567753
선부,서해선,37.3344,126.81,29.783065608728084
달미,서해선,37.3488,126.809,28.45174421704932
시흥능곡,서해선,37.3699,126.809,26.482235009670497
시흥시청,서해선,37.3822,126.806,25.520474717709043
신현,서해선,37.409,126.788,24.26268372353685
신천,서해선,37.4391,126.787,22.032675943287355
시흥대야,서해선,37.4501,126.793,20.84810047483558
소새울,서해선,37.4685,126.797,19.348423759851105
소사,서해선,37.4833,126.795,18.62228653305844
탑석,의정부선,37.7336,127.089,20.97711653002339
송산,의정부선,37.7373,127.087,21.262202284476885
어룡,의정부선,37.7428,127.085,21.73304760998759
곤제,의정부선,37.7505,127.084,22.47120579420368
효자,의정부선,37.754,127.077,22.581474242727
경기도청북부청사,의정부선,37.7506,127.071,22.031884698484724
새말,의정부선,37.7489,127.064,21.63371598709723
동오,의정부선,37.7453,127.057,21.048078968337837
의정부중앙,의정부선,37.7437,127.05,20.683660599685552
흥선,의정부선,37.7433,127.037,20.320114886644348
의정부시청,의정부선,37.7393,127.035,19.84527338471218
경전철의정부,의정부선,37.7372,127.043,19.810609113149017
범골,의정부선,37.7288,127.044,18.94487596592598
회룡,의정부선,37.725,127.047,18.62727609568988
발곡,의정부선,37.727,127.053,19.014128872178652
전대.에버랜드,에버라인선,37.2853,127.22,37.870493380823696
둔전,에버라인선,37.2671,127.214,39.27628029111838
보평,에버라인선,37.259,127.218,40.22823509485716
고진,에버라인선,37.2448,127.214,41.401142026680354
운동장.송담대,에버라인선,37.2378,127.209,41.859276463926136
김량장,에버라인선,37.2372,127.199,41.49516900274233
명지대,에버라인선,37.238,127.19,41.0482505765442
시청.용인대,에버라인선,37.2392,127.178,40.45594632091346
삼가,에버라인선,37.2421,127.168,39.7856924361783
초당,에버라인선,37.2608,127.159,37.56445714934307
동백,에버라인선,37.269,127.153,36.51364236023509
어정,에버라인선,37.2749,127.144,35.58559692497935
지석,에버라인선,37.2696,127.137,35.87763866032654
강남대,에버라인선,37.2702,127.126,35.447122715545305
기흥,에버라인선,37.2754,127.117,34.62071374533863
광교,신분당선(연장),37.3021,127.044,29.977737248409245
광교중앙,신분당선(연장),37.2886,127.051,31.571881675203873
상현,신분당선(연장),37.2977,127.069,30.954884750776152
성복,신분당선(연장),37.3133,127.08,29.563264267967632
수지구청,신분당선(연장),37.3227,127.095,29.012888905285756
동천,신분당선(연장),37.3379,127.103,27.712316067709633
미금,신분당선(연장),37.35,127.109,26.70738477387722
정자,신분당선,37.3671,127.108,24.965062581077643
판교,신분당선,37.3948,127.112,22.455693756414167
청계산입구,신분당선,37.4472,127.056,14.943823590159724
양재시민의숲,신분당선,37.47,127.038,11.964758467736084
영종,공항철도1호선,37.512,126.524,40.504697660713646
인천공항2터미널,공항철도1호선,37.4607,126.441,48.822697656172004
인천공항1터미널,공항철도1호선,37.4475,126.453,48.182715688576764
공항화물청사,공항철도1호선,37.459,126.478,45.71196778223837
운서,공항철도1호선,37.4929,126.494,43.47694774477129
청라국제도시,공항철도1호선,37.5564,126.625,31.15347154144022
검암,공항철도1호선,37.5691,126.674,26.812988438891878
계양,공항철도1호선,37.5717,126.736,21.354258741760688
석남,7호선,37.5062,126.676,27.479457410036876
산곡,7호선,37.5086,126.704,25.022213225853417
부평구청,7호선(인천),37.5085,126.721,23.58012067985766
굴포천,7호선(인천),37.5068,126.732,22.703739362258723
삼산체육관,7호선(인천),37.5072,126.742,21.848636606626584
상동,7호선(인천),37.5058,126.753,20.975961157194167
부천시청,7호선(인천),37.5044,126.764,20.11336529578675
신중동,7호선(인천),37.5028,126.776,19.188443577522467
춘의,7호선(인천),37.5037,126.788,18.170629800151872
부천종합운동장,7호선(인천),37.505,126.797,17.383259936280986
까치울,7호선(인천),37.5061,126.811,16.20466704264568
운연,인천2호선,37.4401,126.76,23.839292155215073
인천대공원,인천2호선,37.4488,126.753,23.793749822417826
남동구청,인천2호선,37.4482,126.737,25.01921757328298
만수,인천2호선,37.4549,126.732,25.016424747250344
모래내시장,인천2호선,37.4558,126.719,25.970298153930255
석천사거리,인천2호선,37.4568,126.71,26.62048523995615
인천시청,인천2호선,37.4568,126.701,27.32834801514576
석바위시장,인천2호선,37.4576,126.693,27.922591850115936
시민공원,인천2호선,37.4583,126.681,28.847108581764797
주안,인천2호선,37.465,126.679,28.705173620897007
주안국가산단,인천2호선,37.4737,126.681,28.17284197297607
가재울,인천2호선,37.4842,126.684,27.51472087044429
인천가좌,인천2호선,37.4897,126.675,28.071162392524123
서부여성회관,인천2호선,37.5002,126.676,27.65108052059124
석남,인천2호선,37.5062,126.676,27.479457410036876
가정중앙시장,인천2호선,37.5171,126.677,27.120451797423073
가정,인천2호선,37.5247,126.676,27.04720300840399
서구청,인천2호선,37.5437,126.677,26.67330914846681
아시아드경기장,인천2호선,37.5517,126.677,26.601761620252436
검바위,인천2호선,37.5614,126.678,26.46663170454072
검암,인천2호선,37.5687,126.676,26.636366465562507
독정,인천2호선,37.5852,126.676,26.712692962428104
완정,인천2호선,37.5929,126.673,27.054071970185984
마전,인천2호선,37.5976,126.667,27.639238817126856
검단사거리,인천2호선,37.6018,126.657,28.573217258989242
왕길,인천2호선,37.5952,126.643,29.70946470249295
검단오류,인천2호선,37.5949,126.627,31.10832881411555
송도달빛축제공원,인천1호선,37.4071,126.626,35.779851938413834
국제업무지구,인천1호선,37.3999,126.63,35.88195672510763
센트럴파크,인천1호선,37.3931,126.635,35.90659216505272
인천대입구,인천1호선,37.386,126.639,36.04437583506763
지식정보단지,인천1호선,37.3784,126.645,36.09045510490887
테크노파크,인천1호선,37.3823,126.656,35.04812389346984
캠퍼스타운,인천1호선,37.3879,126.662,34.25420947463482
동막,인천1호선,37.3979,126.674,32.746474224380016
동춘,인천1호선,37.4047,126.681,31.80720079390813
원인재,인천1호선,37.4123,126.688,30.82060374221428
신연수,인천1호선,37.418,126.694,30.02811754266389
선학,인천1호선,37.4267,126.699,29.13175704303774
문학경기장,인천1호선,37.4349,126.699,28.654125029537546
인천터미널,인천1호선,37.4424,126.7,28.159069126517945
예술회관,인천1호선,37.4494,126.701,27.70676282081287
인천시청,인천1호선,37.4573,126.702,27.224527794008363
간석오거리,인천1호선,37.467,126.708,26.27822447348616
부평삼거리,인천1호선,37.4777,126.71,25.635022100865953
동수,인천1호선,37.4853,126.718,24.66236130302115
부평,인천1호선,37.4905,126.723,24.04241221893129
부평시장,인천1호선,37.4984,126.722,23.829988212350255
부평구청,인천1호선,37.5084,126.721,23.58318343793138
갈산,인천1호선,37.5173,126.722,23.24409423194041
작전,인천1호선,37.5304,126.723,22.855627772628168
경인교대입구,인천1호선,37.5382,126.723,22.71782330057399
계산,인천1호선,37.5432,126.728,22.20873617768053
임학,인천1호선,37.5451,126.739,21.22094823903496
박촌,인천1호선,37.5537,126.745,20.60582151524683
귤현,인천1호선,37.5664,126.743,20.73048489091218
계양,인천1호선,37.5714,126.736,21.353439283550202
부평구청,7호선,37.5074,126.722,23.529410224902506
굴포천,7호선,37.507,126.731,22.781557361323262
삼산체육관,7호선,37.5064,126.742,21.875792510107196
상동,7호선,37.5058,126.753,20.975961157194167
부천시청,7호선,37.5046,126.764,20.105706919971333
신중동,7호선,37.503,126.776,19.180212332550873
춘의,7호선,37.5037,126.787,18.25204630830641
부천종합운동장,7호선,37.5054,126.797,17.365746983525682
까치울,7호선,37.5062,126.811,16.200046128838544
이수,7호선,37.4852,126.982,9.055812745157505
하남시청,5호선,37.542,127.206,20.266095765257024
하남검단산,5호선,37.5397,127.223,21.78588407474011
하남풍산,5호선,37.552,127.204,19.969193618266498
미사,5호선,37.5609,127.194,19.031125776331514
부천종합운동장,서해선,37.5055,126.797,17.361383789396147
원종,서해선,37.5239,126.805,15.99089261228589
대화,일산선,37.6761,126.748,23.650802940799494
주엽,일산선,37.6701,126.761,22.326434200487068
정발산,일산선,37.6595,126.773,20.81945351832427
마두,일산선,37.6522,126.778,20.040934849167378
백석,일산선,37.6431,126.788,18.791965882400593
대곡,일산선,37.6316,126.811,16.408970802537425
화정,일산선,37.6346,126.833,14.860592490847994
원당,일산선,37.6533,126.843,15.32364041298927
삼송,일산선,37.6531,126.896,12.04069612785868
원흥,일산선,37.6507,126.873,13.166753147452672
연천,경원선,38.1007,127.074,59.98384031170726
전곡,경원선,38.0246,127.072,51.591526144722216
초성리,경원선,37.9817,127.069,46.84349134006758
동두천,경원선,37.9279,127.055,40.73988851195368
보산,경원선,37.9137,127.057,39.21443288037128
동두천중앙,경원선,37.9019,127.056,37.90781494117252
지행,경원선,37.8923,127.056,36.858456191701805
덕정,경원선,37.8432,127.061,31.60891295872708
덕계,경원선,37.8185,127.056,28.83594800135743
양주,경원선,37.7744,127.045,23.844137058658365
녹양,경원선,37.7594,127.042,22.163289861591483
가능,경원선,37.7486,127.044,21.051642542610605
의정부,경원선,37.7384,127.046,20.01557763688943
회룡,경원선,37.7244,127.047,18.56420552651679
망월사,경원선,37.7099,127.047,17.048443964542876
도봉,경원선,37.6796,127.046,13.913073898492796
인천,수인선,37.4764,126.617,33.39628027144491
신포,수인선,37.4687,126.624,33.08122885438828
숭의,수인선,37.4608,126.638,32.22943419393238
인하대,수인선,37.4485,126.65,31.788731831475875
송도,수인선,37.4285,126.658,32.15158209088267
연수,수인선,37.4178,126.679,31.153525505494567
원인재,수인선,37.413,126.687,30.850684365884998
남동인더스파크,수인선,37.4077,126.695,30.602522380153655
호구포,수인선,37.4016,126.709,30.01302050711016
인천논현,수인선,37.4006,126.722,29.183950696035872
소래포구,수인선,37.401,126.734,28.342702069752306
월곶,수인선,37.3918,126.743,28.433910025815557
달월,수인선,37.3797,126.745,29.246710701618
사리,수인선,37.29,126.857,32.56388748793877
야목,수인선,37.2642,126.879,34.746462301628426
어천,수인선,37.2501,126.909,35.71847355117478
오목천,수인선,37.243,126.964,36.00293769021327
고색,수인선,37.2496,126.98,35.24754067114368
매교,분당선,37.2655,127.016,33.645176076712325
수원시청,분당선,37.2619,127.031,34.19885407872334
매탄권선,분당선,37.2528,127.041,35.32943713576778
망포,분당선,37.2458,127.057,36.342385052558214
영통,분당선,37.2516,127.071,35.97099779393605
청명,분당선,37.2595,127.079,35.28772415469643
상갈,분당선,37.2618,127.109,35.805219589642114
기흥,분당선,37.2751,127.116,34.62078371372051
신갈,분당선,37.2861,127.111,33.32018594036728
구성,분당선,37.299,127.106,31.821938689520398
죽전,분당선,37.3248,127.107,29.190796663560786
보정,분당선,37.3128,127.108,30.4576390305735
이매,분당선,37.3954,127.128,23.17417368313815
오리,분당선,37.3398,127.109,27.73479330853777
미금,분당선,37.3501,127.109,26.697354937511797
정자,분당선,37.366,127.108,25.07384181599351
수내,분당선,37.3785,127.114,24.10426288078717
서현,분당선,37.3851,127.124,23.932665546775215
야탑,분당선,37.4112,127.129,21.807057365738803
태평,분당선,37.44,127.128,19.30629088932703
가천대,분당선,37.4486,127.127,18.557574320537878
수원,분당선,37.2659,126.999,33.48511046341554
도화,경인선,37.4661,126.669,29.47126234923703
중동,경인선,37.4866,126.765,20.798997846691275
도원,경인선,37.4684,126.643,31.515225437140728
간석,경인선,37.4647,126.694,27.507634820202757
부개,경인선,37.4884,126.741,22.652412621113488
소사,경인선,37.4828,126.795,18.65004451756927
인천,경인선,37.4761,126.617,33.406373237750934
동인천,경인선,37.4753,126.633,32.09182636128824
제물포,경인선,37.4668,126.657,30.424665811372837
주안,경인선,37.465,126.68,28.624112265332
동암,경인선,37.4714,126.703,26.47880544917024
백운,경인선,37.4837,126.708,25.54879294170333
부평,경인선,37.4894,126.725,23.921172466507524
송내,경인선,37.4876,126.754,21.634345250036613
부천,경인선,37.4841,126.783,19.50541739098701
역곡,경인선,37.4852,126.812,17.22558018592261
수리산,안산선,37.3498,126.925,24.558611687992762
오이도,안산선,37.3624,126.739,31.00319807009993
정왕,안산선,37.3517,126.743,31.65312609758563
신길온천,안산선,37.3382,126.766,31.556365855959804
안산,안산선,37.3271,126.789,31.434347447203766
초지,안산선,37.3206,126.806,31.293342179786375
고잔,안산선,37.3168,126.823,30.970884653575425
중앙,안산선,37.3159,126.839,30.463933433258287
한대앞,안산선,37.3097,126.853,30.628718349541078
상록수,안산선,37.3028,126.866,30.95948784536642
반월,안산선,37.3122,126.904,29.035129550131906
대야미,안산선,37.3285,126.917,27.01960956695789
산본,안산선,37.3581,126.933,23.523333032837535
광명,경부선,37.4162,126.884,18.67367709065736
서동탄,경부선,37.1955,127.052,41.7748420504323
당정,경부선,37.3443,126.948,24.860380213287495
천안,경부선,36.81,127.147,85.44696430595111
두정,경부선,36.8337,127.149,82.8853120444772
직산,경부선,36.8706,127.144,78.7702646192321
성환,경부선,36.9161,127.127,73.52023276444864
평택,경부선,36.9907,127.085,64.72897465515739
지제,경부선,37.0188,127.07,61.449903624770506
서정리,경부선,37.0565,127.053,57.103379771190134
송탄,경부선,37.0757,127.054,54.99396910565707
진위,경부선,37.1094,127.062,51.373679911865224
오산,경부선,37.1459,127.067,47.431933922246614
오산대,경부선,37.169,127.063,44.84010801157404
세마,경부선,37.1875,127.043,42.539463730391574
병점,경부선,37.2075,127.033,40.220920054844406
세류,경부선,37.245,127.013,35.89052111633386
수원,경부선,37.2663,127.0,33.445665893005255
화서,경부선,37.2839,126.99,31.45044745814604
성균관대,경부선,37.3004,126.971,29.605307140699935
의왕,경부선,37.3209,126.948,27.448798248146264
군포,경부선,37.3536,126.948,23.83246926773692
금정,경부선,37.3722,126.943,21.83681033018
명학,경부선,37.3847,126.935,20.580941508985227
안양,경부선,37.4016,126.923,18.98116524536863
관악,경부선,37.4192,126.909,17.48886297847348
석수,경부선,37.435,126.902,16.102011119532627
여주,경강선,37.2823,127.629,65.58927846397704
세종대왕릉,경강선,37.2953,127.571,60.412997913680286
부발,경강선,37.2602,127.49,56.6022534582397
이천,경강선,37.2656,127.442,52.89490473654042
신둔도예촌,경강선,37.3172,127.405,46.7840284994951
곤지암,경강선,37.3513,127.347,40.40649308506197
초월,경강선,37.3744,127.299,35.470834813483904
경기광주,경강선,37.3999,127.253,30.51969690679051
삼동,경강선,37.4095,127.203,26.428898675483
이매,경강선,37.3947,127.128,23.238185099914393
판교,경강선,37.3948,127.111,22.409427235177983
금정,과천선,37.3722,126.943,21.83681033018
범계,과천선,37.3898,126.951,19.803664310732863
평촌,과천선,37.3943,126.964,19.198211070789185
인덕원,과천선,37.4016,126.977,18.34583892351027
정부과천청사,과천선,37.4265,126.99,15.611498514426282
과천,과천선,37.433,126.997,14.946268615058068
대공원,과천선,37.4357,127.007,14.773810578144454
경마공원,과천선,37.4439,127.008,13.892868800300057
선바위,과천선,37.4517,127.002,12.945947794155641
신창,장항선,36.7695,126.951,88.66471209473062
온양온천,장항선,36.7805,127.003,87.43640012069605
배방,장항선,36.7776,127.053,87.98120052548362
탕정,장항선,36.7887,127.085,87.01293885733104
아산,장항선,36.7921,127.104,86.83704835547084
쌍용,장항선,36.7938,127.121,86.85611203357696
봉명,장항선,36.8012,127.136,86.24741386963005
춘천,경춘선,37.8851,127.717,74.0020917382991
남춘천,경춘선,37.864,127.724,73.46586760025447
김유정,경춘선,37.8185,127.714,70.54175408083225
강촌,경춘선,37.8057,127.634,63.538263071254356
백양리,경춘선,37.8308,127.589,61.245355607209355
굴봉산,경춘선,37.8321,127.558,58.93866505953536
가평,경춘선,37.8145,127.511,54.3855890103805
상천,경춘선,37.7702,127.455,47.684282849149334
청평,경춘선,37.7355,127.427,43.74829508426194
대성리,경춘선,37.6841,127.379,37.63862154995552
마석,경춘선,37.6528,127.312,30.926527760501024
천마산,경춘선,37.659,127.285,28.91154135306933
평내호평,경춘선,37.6532,127.244,25.31671005898141
금곡,경춘선,37.6374,127.208,21.72168638039443
사릉,경춘선,37.6511,127.177,19.873896777449684
퇴계원,경춘선,37.6483,127.144,17.200748575828303
별내,경춘선,37.642,127.127,15.560865950851063
갈매,경춘선,37.6341,127.115,14.198550123207431
운천,경의중앙선,37.8799,126.77,39.358483709705574
임진강,경의중앙선,37.8884,126.747,41.15788671001288
문산,경의중앙선,37.8546,126.788,36.133153922021776
파주,경의중앙선,37.8153,126.793,32.10006050107283
월롱,경의중앙선,37.7962,126.793,30.290601906702914
금촌,경의중앙선,37.7662,126.775,28.50577537335371
금릉,경의중앙선,37.7513,126.765,27.82277196081082
운정,경의중앙선,37.7258,126.767,25.675088071869446
야당,경의중앙선,37.7123,126.761,25.06598542964425
탄현,경의중앙선,37.694,126.761,23.80322336993039
일산,경의중앙선,37.6821,126.77,22.38776871873646
풍산,경의중앙선,37.6723,126.786,20.609527432117705
백마,경의중앙선,37.6582,126.794,19.158323308717446
곡산,경의중앙선,37.6457,126.802,17.841643442832392
능곡,경의중앙선,37.6188,126.821,15.018489198460447
행신,경의중앙선,37.6121,126.834,13.67684689105584
강매,경의중앙선,37.6123,126.843,12.952160958231854
화전,경의중앙선,37.6029,126.868,10.516911836102594
지평,중앙선,37.4764,127.63,58.3509831917452
용문,중앙선,37.4822,127.595,55.197401716183265
원덕,중앙선,37.4687,127.547,51.332737382039326
오빈,중앙선,37.5061,127.474,44.23063127033378
아신,중앙선,37.5138,127.443,41.39898391674043
국수,중앙선,37.5162,127.399,37.5213886797344
신원,중앙선,37.5255,127.373,35.10475192281472
양수,중앙선,37.546,127.329,31.007421653596204
운길산,중앙선,37.5547,127.31,29.276102012145376
팔당,중앙선,37.5474,127.244,23.526741371395655
도심,중앙선,37.5796,127.223,21.622505175390337
덕소,중앙선,37.5868,127.209,20.463041454674254
양정,중앙선,37.6053,127.194,19.496170572534346
도농,중앙선,37.6088,127.161,16.776844126047433
구리,중앙선,37.6034,127.144,15.172069099474879
개포동,분당선,37.4891,127.066,11.583473396261772
별내별가람,진접선,37.6678,127.116,16.552017288534802
오남,진접선,37.705,127.193,24.385024991295037
진접,진접선,37.7205,127.203,26.16595787789838
